Workbook
Name appimg: INDEX([1]Utility!$P:$P,MATCH('[1]DCDC Ref'!$W$21,[1]Utility!$O:$O,0))
Name boardimg: INDEX([1]Utility!$X:$X,MATCH('[1]DCDC Ref'!$W$21,[1]Utility!$O:$O,0))
Name L1Round: TRUNC(ROUND('All Data'!XFD1,2),2)

Sheet All Data
AS1: 新 (全ての品番に共通するようになっていた)↓下記$AO$2で関数参照する。 | BZ1: Vin | CA1: ='[1]DCDC Ref'!J21 -> 12 | CC1: V
AS2: https://industrial.panasonic.com/ww/products/inductors/automotive-inductors/automotive-inductors/models/ | BZ2: Vout | CA2: ='[1]DCDC Ref'!J22 -> 5 | CC2: V
BC3: L範囲とI範囲で表示絞る …却下。L値が何も出ないと気付きが得られない。条件書式設定でNGを示す。 | BZ3: Mode | CA3: =IF(CA1=CA2,"",IF(CA1>CA2,"Buck","Boost")) -> Buck
BC4: =IF(Q11>='DCDC Ref'!$J$29*'DCDC Ref'!$J$30/100,0, IF(Q11<='DCDC Ref'!$J$29*'DCDC Ref'!$J$31/100,0, IF(X11<('DCDC Ref'!$J$24/'DCDC Ref'!$J$27)*'DCDC Ref'!$J$25/100,0,1))) | BZ4: Iout | CA4: ='[1]DCDC Ref'!J24 -> 10 | CC4: A
BC5: I範囲で表示絞る …適用中。多少Lずれてもいいが、電流値は必須要件。 | BZ5: Fsw | CA5: ='[1]DCDC Ref'!J25 -> 2000 | CC5: kHz
BC6: =IF(X11<('DCDC Ref'!$J$24/'DCDC Ref'!$J$27)*'DCDC Ref'!$J$25/100,0,1) | BO6: L Weight | BP6: 5000 | BZ6: Phase | CA6: ='[1]DCDC Ref'!J26 -> 1 | CC6: ph
BD7: o | BG7: x | BJ7: o | BO7: I1,I2 Weight | BP7: 5 | BZ7: Ripple | CA7: ='[1]DCDC Ref'!J27 -> 30 | CC7: %
B8: 上記からcsvでWeb公開品(カタログ品)の品番リストをDLし、Part Number列の最下に貼り付け氏、重複条件付き書式でカタログ品のみへフィルタリングした。 | U8: DCR | X8: I (⊿T) | Y8: I (⊿T) | Z8: Isat ⊿L=-30% | AA8: Isat ⊿L=-20% | AB8: Max Operating Voltage (V) | AG8: Dimmension (mm) | AM8: Vibration | AO8: L1(at Ir) *Consumer product only | BC8: ※Isat(-30%)選択中 | BD8: L | BG8: I1 | BJ8: I2 | BZ8: L | CA8: ='[1]DCDC Ref'!J30 -> 0.63194444 | CC8: uH
B9: ↓ | O9: Part Number | Q9: L(uH) | T9: % | U9: typ(mΩ) | V9: max(mΩ) | W9: Tol. (%) | X9: method B | Y9: method A | Z9: typ(A) | AA9: typ(A) | AO9: L(uH) | AQ9: % | AR9: at Ir | BC9: ↓ | BD9: L値 | BG9: I rated値 (Method B) | BJ9: Isat値 (-30%)
A10: Original Order | B10: カタログ品 | C10: 確認メモ | D10: Check | E10: Renewal Date | F10: Status | G10: Maker | H10: Type | I10: Core | J10: Category | K10: Feature | L10: Series | M10: Series (Size) | N10: Automotive Grade | O10: Part Number | P10: 仮1 | Q10: Lo (uH) | R10: Lo RangeXX | S10: Lo Range (uH) | T10: Lo Tol. (%) | U10: DCR Typ (mOhm) | V10: DCR Max (mOhm) | W10: DCR Tol. (%) | X10: Method B (A typ at 40℃) | Y10: Method A (A typ at 40℃) | Z10: ⊿L=-30% typ (A) | AA10: ⊿L=-20% typ (A) | AB10: L (mm) | AC10: W (mm) | AD10: Max Height (mm) | AE10: Area (mm2) | AF10: Size (mm) | AG10: Rough Size (mm) | AH10: Max Height Range (mm) | AI10: Min Temp (deg.C) | AJ10: Max Temp (deg.C) | AK10: Temp Range (deg.C) | AL10: Max Voltage (V) | AM10: Vibration | AN10: MPQ | AO10: L1 (uH) | AP10: Rough L1 (uH) | AQ10: L1 Tol. (%) | AR10: Ir (A) | AS10: URL | AT10: Image URL | AU10: add3 | AV10: add4 | AW10: add5 | BC10: 該非判定 | BD10: %_Diff_L | BE10: ABS | BG10: %_Diff_I | BH10: NegaDown | BJ10: %_Diff_I | BK10: NegaDown | BQ10: L+I Weighted | BR10: 小差順位(同一値も連番) | BS10: 除外後順位 | BT10: 一致一覧 | BU10: 提案表示
A11: 37 | B11: 〇 | D11: OK | F11: MP | G11: Panasonic | H11: SMD | I11: Metal Composite | J11: PCC | K11: High Isat (Standard) | L11: 5M-YLC | M11: PCC-M1050ML | N11: Yes | O11: ETQP5MR33YLC | P11: =MID(All_PCC_a[[#This Row],[Part Number]],7,3) -> R33 | Q11: 0.33 | R11: =IF(All_PCC_a[[#This Row],[Lo (uH)]]<1,"<1",IF(All_PCC_a[[#This Row],[Lo (uH)]]<10,"<10",IF(All_PCC_a[[#This Row],[Lo (uH)]]<100,"<100",IF(All_PCC_a[[#This Row],[Lo (uH)]]<2000,"<2000","")))) -> <1 | S11: =IFERROR(VLOOKUP(All_PCC_a[[#This Row],[Lo (uH)]],[1]Utility!$D$5:$E$43,2,1),"-") -> ≤ 0.4 | T11: 0.2 | U11: 1.1 | V11: 1.21 | W11: 10 | X11: 39.7 | Y11: 33.2 | Z11: 56.7 | AA11: 42.63 | AB11: 10.9 | AC11: 10 | AD11: 5 | AE11: =ROUND(All_PCC_a[[#This Row],[L (mm)]]*All_PCC_a[[#This Row],[W (mm)]],1) -> 109 | AF11: =All_PCC_a[[#This Row],[L (mm)]]&" x "&All_PCC_a[[#This Row],[W (mm)]] -> 10,9 x 10 | AG11: 10 x 10 | AH11: =IF(All_PCC_a[[#This Row],[Max Height (mm)]]<=9,"≤ "&ROUNDUP(AD11,0),"≤"&ROUNDUP(AD11,0)) -> ≤ 5 | AI11: -40 | AJ11: 150 | AK11: =All_PCC_a[[#This Row],[Min Temp (deg.C)]]&" to +"&All_PCC_a[[#This Row],[Max Temp (deg.C)]] -> -40 to +150 | AO11: - | AP11: =IFERROR(IF(L1Round>1,ROUND(L1Round,1),L1Round),"-") -> - | AQ11: - | AR11: - | AS11: https://industrial.panasonic.com/ww/products/pt/automotive-inductors/models/ETQP5MR33YLC | AT11: https://industrial.panasonic.com/content/data/CC/pictures/lineup-Metal-core.gif | AU11: =_xlfn.IMAGE(All_PCC_a[[#This Row],[Image URL]]) -> #NAME? | AZ11: =IF(AY11=1,COUNTIF($AY$11:AY11,1),"") | BC11: =IF(Z11<('[1]DCDC Ref'!$J$24/'[1]DCDC Ref'!$J$26)*'[1]DCDC Ref'!$J$28/100,0,1) -> 1 | BD11: =IF(BC11=1000000000,"",('All Data'!Q11-'[1]DCDC Ref'!$J$30)/'[1]DCDC Ref'!$J$30*100) -> -47.78022 | BE11: =ABS(BD11) -> 47.78022 | BH11: =IF(BG11<0,10000,BG11) -> 0 | BJ11: =IF(BC11=0,"",('All Data'!Z11-'[1]DCDC Ref'!$J$28*('[1]DCDC Ref'!$J$29/100))/'[1]DCDC Ref'!$J$28*('[1]DCDC Ref'!$J$29/100)*100) -> 408.34483 | BK11: =IF(BJ11<0,10000,BJ11) -> 408.34483 | BQ11: =IFERROR(BE11*$BP$6+BK11*$BP$7,"") -> 240942.82 | BR11: =IF(BQ11="","",RANK(BQ11,BQ$11:BQ$9930,1)+COUNTIF(BQ$11:BQ11,BQ11)-1) -> 16 | BS11: =RANK(BR11,BR$11:BR$9930,1) -> 16 | BT11: =IFERROR(INDEX($O$11:$O$1013,MATCH(ROWS($BS$11:BS11),$BS$11:$BS$1005,0)),"") -> ETQP3MR68KVP | BU11: =IF(BT11<>"",BT11,"") -> ETQP3MR68KVP
A12: 45 | B12: 〇 | C12: 2023/3/10MP, 2022/5/27 UD扱いへ(誤記だったとのこと)。2022/1/12 MPカタログ扱いへ。2021/11/12カタログUD 扱い。2021/3/23追加。 | D12: OK | F12: MP | G12: Panasonic | H12: SMD | I12: Metal Composite | J12: PCC | K12: High Current (≥□12) | L12: 8M-JFA | M12: PCC-M1280MF | N12: Yes | O12: ETQP8MR33JFA | P12: =MID(All_PCC_a[[#This Row],[Part Number]],7,3) -> R33 | Q12: 0.33 | R12: =IF(All_PCC_a[[#This Row],[Lo (uH)]]<1,"<1",IF(All_PCC_a[[#This Row],[Lo (uH)]]<10,"<10",IF(All_PCC_a[[#This Row],[Lo (uH)]]<100,"<100",IF(All_PCC_a[[#This Row],[Lo (uH)]]<2000,"<2000","")))) -> <1 | S12: =IFERROR(VLOOKUP(All_PCC_a[[#This Row],[Lo (uH)]],[1]Utility!$D$5:$E$43,2,1),"-") -> ≤ 0.4 | T12: 0.2 | U12: 0.7 | V12: 0.77 | W12: 10 | X12: 53.5 | Y12: 44.4 | Z12: 84.5 | AA12: =ROUND(55.8461538461538,2) -> 55.85 | AB12: 12.6 | AC12: 13.2 | AD12: 8 | AE12: =ROUND(All_PCC_a[[#This Row],[L (mm)]]*All_PCC_a[[#This Row],[W (mm)]],1) -> 166.3 | AF12: =All_PCC_a[[#This Row],[L (mm)]]&" x "&All_PCC_a[[#This Row],[W (mm)]] -> 12,6 x 13,2 | AG12: 12 x 12 | AH12: =IF(All_PCC_a[[#This Row],[Max Height (mm)]]<=9,"≤ "&ROUNDUP(AD12,0),"≤"&ROUNDUP(AD12,0)) -> ≤ 8 | AI12: -40 | AJ12: 160 | AK12: =All_PCC_a[[#This Row],[Min Temp (deg.C)]]&" to +"&All_PCC_a[[#This Row],[Max Temp (deg.C)]] -> -40 to +160 | AN12: 15Gと聞いたがカタログは30G | AO12: - | AP12: =IFERROR(IF(L1Round>1,ROUND(L1Round,1),L1Round),"-") -> - | AQ12: - | AR12: - | AS12: https://industrial.panasonic.com/ww/products/pt/automotive-inductors/models/ETQP8MR33JFA | AT12: https://industrial.panasonic.com/content/data/CC/pictures/lineup-Large%20current.gif | AU12: =_xlfn.IMAGE(All_PCC_a[[#This Row],[Image URL]]) -> #NAME? | AZ12: =IF(AY12=1,COUNTIF($AY$11:AY12,1),"") | BC12: =IF(Z12<('[1]DCDC Ref'!$J$24/'[1]DCDC Ref'!$J$26)*'[1]DCDC Ref'!$J$28/100,0,1) -> 1 | BD12: =IF(BC12=1000000000,"",('All Data'!Q12-'[1]DCDC Ref'!$J$30)/'[1]DCDC Ref'!$J$30*100) -> -47.78022 | BE12: =ABS(BD12) -> 47.78022 | BH12: =IF(BG12<0,10000,BG12) -> 0 | BJ12: =IF(BC12=0,"",('All Data'!Z12-'[1]DCDC Ref'!$J$28*('[1]DCDC Ref'!$J$29/100))/'[1]DCDC Ref'!$J$28*('[1]DCDC Ref'!$J$29/100)*100) -> 657.58621 | BK12: =IF(BJ12<0,10000,BJ12) -> 657.58621 | BQ12: =IFERROR(BE12*$BP$6+BK12*$BP$7,"") -> 242189.03 | BR12: =IF(BQ12="","",RANK(BQ12,BQ$11:BQ$9930,1)+COUNTIF(BQ$11:BQ12,BQ12)-1) -> 17 | BS12: =RANK(BR12,BR$11:BR$9930,1) -> 17 | BT12: =IFERROR(INDEX($O$11:$O$1013,MATCH(ROWS($BS$11:BS12),$BS$11:$BS$1005,0)),"") -> ETQP3MR68KVN | BU12: =IF(BT12<>"",BT12,"") -> ETQP3MR68KVN
A13: 106 | B13: 〇 | D13: OK | F13: MP | G13: Panasonic | H13: SMD | I13: Metal Composite | J13: PCC | K13: LP (Low Profile) | L13: 3M-KVP | M13: PCC-M0530M-LP | N13: Yes | O13: ETQP3MR33KVP | P13: =MID(All_PCC_a[[#This Row],[Part Number]],7,3) -> R33 | Q13: 0.33 | R13: =IF(All_PCC_a[[#This Row],[Lo (uH)]]<1,"<1",IF(All_PCC_a[[#This Row],[Lo (uH)]]<10,"<10",IF(All_PCC_a[[#This Row],[Lo (uH)]]<100,"<100",IF(All_PCC_a[[#This Row],[Lo (uH)]]<2000,"<2000","")))) -> <1 | S13: =IFERROR(VLOOKUP(All_PCC_a[[#This Row],[Lo (uH)]],[1]Utility!$D$5:$E$43,2,1),"-") -> ≤ 0.4 | T13: 0.2 | U13: 4.85 | V13: 5.34 | W13: 10 | X13: 12.7 | Y13: 10.6 | Z13: 21.8 | AA13: 14.5 | AB13: 5.5 | AC13: 5 | AD13: 3 | AE13: =ROUND(All_PCC_a[[#This Row],[L (mm)]]*All_PCC_a[[#This Row],[W (mm)]],1) -> 27.5 | AF13: =All_PCC_a[[#This Row],[L (mm)]]&" x "&All_PCC_a[[#This Row],[W (mm)]] -> 5,5 x 5 | AG13: _5 x 5 | AH13: =IF(All_PCC_a[[#This Row],[Max Height (mm)]]<=9,"≤ "&ROUNDUP(AD13,0),"≤"&ROUNDUP(AD13,0)) -> ≤ 3 | AI13: -55 | AJ13: 155 | AK13: =All_PCC_a[[#This Row],[Min Temp (deg.C)]]&" to +"&All_PCC_a[[#This Row],[Max Temp (deg.C)]] -> -55 to +155 | AO13: - | AP13: =IFERROR(IF(L1Round>1,ROUND(L1Round,1),L1Round),"-") -> - | AQ13: - | AR13: - | AS13: https://industrial.panasonic.com/ww/products/pt/automotive-inductors/models/ETQP3MR33KVP | AT13: https://industrial.panasonic.com/content/data/CC/pictures/lineup-LP.gif | AU13: =_xlfn.IMAGE(All_PCC_a[[#This Row],[Image URL]]) -> #NAME? | BC13: =IF(Z13<('[1]DCDC Ref'!$J$24/'[1]DCDC Ref'!$J$26)*'[1]DCDC Ref'!$J$28/100,0,1) -> 1 | BD13: =IF(BC13=1000000000,"",('All Data'!Q13-'[1]DCDC Ref'!$J$30)/'[1]DCDC Ref'!$J$30*100) -> -47.78022 | BE13: =ABS(BD13) -> 47.78022 | BH13: =IF(BG13<0,10000,BG13) -> 0 | BJ13: =IF(BC13=0,"",('All Data'!Z13-'[1]DCDC Ref'!$J$28*('[1]DCDC Ref'!$J$29/100))/'[1]DCDC Ref'!$J$28*('[1]DCDC Ref'!$J$29/100)*100) -> 95.448276 | BK13: =IF(BJ13<0,10000,BJ13) -> 95.448276 | BQ13: =IFERROR(BE13*$BP$6+BK13*$BP$7,"") -> 239378.34 | BR13: =IF(BQ13="","",RANK(BQ13,BQ$11:BQ$9930,1)+COUNTIF(BQ$11:BQ13,BQ13)-1) -> 14 | BS13: =RANK(BR13,BR$11:BR$9930,1) -> 14 | BT13: =IFERROR(INDEX($O$11:$O$1013,MATCH(ROWS($BS$11:BS13),$BS$11:$BS$1005,0)),"") -> ETQP3MR68YFN | BU13: =IF(BT13<>"",BT13,"") -> ETQP3MR68YFN
A14: 116 | B14: 〇 | C14: 44677 | D14: OK | F14: MP | G14: Panasonic | H14: SMD | I14: Metal Composite | J14: PCC | K14: LP (Low Profile) | L14: 3M-KVP | M14: PCC-M0530M-LP | N14: Yes | O14: ETQP3MR47KVP | P14: =MID(All_PCC_a[[#This Row],[Part Number]],7,3) -> R47 | Q14: 0.47 | R14: =IF(All_PCC_a[[#This Row],[Lo (uH)]]<1,"<1",IF(All_PCC_a[[#This Row],[Lo (uH)]]<10,"<10",IF(All_PCC_a[[#This Row],[Lo (uH)]]<100,"<100",IF(All_PCC_a[[#This Row],[Lo (uH)]]<2000,"<2000","")))) -> <1 | S14: =IFERROR(VLOOKUP(All_PCC_a[[#This Row],[Lo (uH)]],[1]Utility!$D$5:$E$43,2,1),"-") -> ≤ 0.5 | T14: 0.2 | U14: 5.8 | V14: 6.38 | W14: 10 | X14: 11.6 | Y14: 9.6 | Z14: 17.9 | AA14: 12.9 | AB14: 5.5 | AC14: 5 | AD14: 3 | AE14: =ROUND(All_PCC_a[[#This Row],[L (mm)]]*All_PCC_a[[#This Row],[W (mm)]],1) -> 27.5 | AF14: =All_PCC_a[[#This Row],[L (mm)]]&" x "&All_PCC_a[[#This Row],[W (mm)]] -> 5,5 x 5 | AG14: _5 x 5 | AH14: =IF(All_PCC_a[[#This Row],[Max Height (mm)]]<=9,"≤ "&ROUNDUP(AD14,0),"≤"&ROUNDUP(AD14,0)) -> ≤ 3 | AI14: -55 | AJ14: 155 | AK14: =All_PCC_a[[#This Row],[Min Temp (deg.C)]]&" to +"&All_PCC_a[[#This Row],[Max Temp (deg.C)]] -> -55 to +155 | AO14: - | AP14: - | AQ14: - | AR14: - | AS14: https://industrial.panasonic.com/ww/products/pt/automotive-inductors/models/ETQP3MR47KVP | AT14: https://industrial.panasonic.com/content/data/CC/pictures/lineup-LP.gif | AU14: =_xlfn.IMAGE(All_PCC_a[[#This Row],[Image URL]]) -> #NAME? | AZ14: =IF(AY14=1,COUNTIF($AY$11:AY14,1),"") | BC14: =IF(Z14<('[1]DCDC Ref'!$J$24/'[1]DCDC Ref'!$J$26)*'[1]DCDC Ref'!$J$28/100,0,1) -> 1 | BD14: =IF(BC14=1000000000,"",('All Data'!Q14-'[1]DCDC Ref'!$J$30)/'[1]DCDC Ref'!$J$30*100) -> -25.626374 | BE14: =ABS(BD14) -> 25.626374 | BH14: =IF(BG14<0,10000,BG14) -> 0 | BJ14: =IF(BC14=0,"",('All Data'!Z14-'[1]DCDC Ref'!$J$28*('[1]DCDC Ref'!$J$29/100))/'[1]DCDC Ref'!$J$28*('[1]DCDC Ref'!$J$29/100)*100) -> 60.482759 | BK14: =IF(BJ14<0,10000,BJ14) -> 60.482759 | BQ14: =IFERROR(BE14*$BP$6+BK14*$BP$7,"") -> 128434.28 | BR14: =IF(BQ14="","",RANK(BQ14,BQ$11:BQ$9930,1)+COUNTIF(BQ$11:BQ14,BQ14)-1) -> 9 | BS14: =RANK(BR14,BR$11:BR$9930,1) -> 9 | BT14: =IFERROR(INDEX($O$11:$O$1013,MATCH(ROWS($BS$11:BS14),$BS$11:$BS$1005,0)),"") -> ETQP4MR68KVK | BU14: =IF(BT14<>"",BT14,"") -> ETQP4MR68KVK
A15: 119 | B15: 〇 | C15: 2022/6/30カタログ追加 | D15: OK | F15: MP | G15: Panasonic | H15: SMD | I15: Metal Composite | J15: PCC | K15: High Isat (Standard) | L15: 4M-KLC | M15: PCC-M1040ML | N15: Yes | O15: ETQP4MR47KLC | P15: =MID(All_PCC_a[[#This Row],[Part Number]],7,3) -> R47 | Q15: 0.47 | R15: =IF(All_PCC_a[[#This Row],[Lo (uH)]]<1,"<1",IF(All_PCC_a[[#This Row],[Lo (uH)]]<10,"<10",IF(All_PCC_a[[#This Row],[Lo (uH)]]<100,"<100",IF(All_PCC_a[[#This Row],[Lo (uH)]]<2000,"<2000","")))) -> <1 | S15: =IFERROR(VLOOKUP(All_PCC_a[[#This Row],[Lo (uH)]],[1]Utility!$D$5:$E$43,2,1),"-") -> ≤ 0.5 | T15: 0.2 | U15: 1.53 | V15: 1.68 | W15: 10 | X15: 31.1 | Y15: 24.9 | Z15: 47.3 | AA15: 33.2 | AB15: 10.9 | AC15: 10 | AD15: 4 | AE15: =ROUND(All_PCC_a[[#This Row],[L (mm)]]*All_PCC_a[[#This Row],[W (mm)]],1) -> 109 | AF15: =All_PCC_a[[#This Row],[L (mm)]]&" x "&All_PCC_a[[#This Row],[W (mm)]] -> 10,9 x 10 | AG15: 10 x 10 | AH15: =IF(All_PCC_a[[#This Row],[Max Height (mm)]]<=9,"≤ "&ROUNDUP(AD15,0),"≤"&ROUNDUP(AD15,0)) -> ≤ 4 | AI15: -40 | AJ15: 150 | AK15: =All_PCC_a[[#This Row],[Min Temp (deg.C)]]&" to +"&All_PCC_a[[#This Row],[Max Temp (deg.C)]] -> -40 to +150 | AO15: - | AP15: =IFERROR(IF(L1Round>1,ROUND(L1Round,1),L1Round),"-") -> - | AQ15: - | AR15: - | AS15: https://industrial.panasonic.com/ww/products/pt/automotive-inductors/models/ETQP4MR47KLC | AT15: https://industrial.panasonic.com/content/data/CC/pictures/lineup-Metal-core.gif | AU15: =_xlfn.IMAGE(All_PCC_a[[#This Row],[Image URL]]) -> #NAME? | AZ15: =IF(AY15=1,COUNTIF($AY$11:AY15,1),"") | BC15: =IF(Z15<('[1]DCDC Ref'!$J$24/'[1]DCDC Ref'!$J$26)*'[1]DCDC Ref'!$J$28/100,0,1) -> 1 | BD15: =IF(BC15=1000000000,"",('All Data'!Q15-'[1]DCDC Ref'!$J$30)/'[1]DCDC Ref'!$J$30*100) -> -25.626374 | BE15: =ABS(BD15) -> 25.626374 | BH15: =IF(BG15<0,10000,BG15) -> 0 | BJ15: =IF(BC15=0,"",('All Data'!Z15-'[1]DCDC Ref'!$J$28*('[1]DCDC Ref'!$J$29/100))/'[1]DCDC Ref'!$J$28*('[1]DCDC Ref'!$J$29/100)*100) -> 324.06897 | BK15: =IF(BJ15<0,10000,BJ15) -> 324.06897 | BQ15: =IFERROR(BE15*$BP$6+BK15*$BP$7,"") -> 129752.21 | BR15: =IF(BQ15="","",RANK(BQ15,BQ$11:BQ$9930,1)+COUNTIF(BQ$11:BQ15,BQ15)-1) -> 13 | BS15: =RANK(BR15,BR$11:BR$9930,1) -> 13 | BT15: =IFERROR(INDEX($O$11:$O$1013,MATCH(ROWS($BS$11:BS15),$BS$11:$BS$1005,0)),"") -> ETQP5MR68YLC | BU15: =IF(BT15<>"",BT15,"") -> ETQP5MR68YLC
A16: 1 | B16: 〇 | D16: OK | F16: MP | G16: Panasonic | H16: SMD | I16: Metal Composite | J16: PCC | K16: High Isat (Standard) | L16: 3M-YFN | M16: PCC-M0630M | N16: Yes | O16: ETQP3MR68YFN | P16: =MID(All_PCC_a[[#This Row],[Part Number]],7,3) -> R68 | Q16: 0.68 | R16: =IF(All_PCC_a[[#This Row],[Lo (uH)]]<1,"<1",IF(All_PCC_a[[#This Row],[Lo (uH)]]<10,"<10",IF(All_PCC_a[[#This Row],[Lo (uH)]]<100,"<100",IF(All_PCC_a[[#This Row],[Lo (uH)]]<2000,"<2000","")))) -> <1 | S16: =IFERROR(VLOOKUP(All_PCC_a[[#This Row],[Lo (uH)]],[1]Utility!$D$5:$E$43,2,1),"-") -> ≤ 0.7 | T16: 0.2 | U16: 6.3 | V16: 6.93 | W16: 10 | X16: 12 | Y16: 9.8 | Z16: 24 | AA16: 17.66 | AB16: 6.5 | AC16: 6 | AD16: 3 | AE16: =ROUND(All_PCC_a[[#This Row],[L (mm)]]*All_PCC_a[[#This Row],[W (mm)]],1) -> 39 | AF16: =All_PCC_a[[#This Row],[L (mm)]]&" x "&All_PCC_a[[#This Row],[W (mm)]] -> 6,5 x 6 | AG16: _6 x 6 | AH16: =IF(All_PCC_a[[#This Row],[Max Height (mm)]]<=9,"≤ "&ROUNDUP(AD16,0),"≤"&ROUNDUP(AD16,0)) -> ≤ 3 | AI16: -40 | AJ16: 150 | AK16: =All_PCC_a[[#This Row],[Min Temp (deg.C)]]&" to +"&All_PCC_a[[#This Row],[Max Temp (deg.C)]] -> -40 to +150 | AO16: - | AP16: =IFERROR(IF(L1Round>1,ROUND(L1Round,1),L1Round),"-") -> - | AQ16: - | AR16: - | AS16: https://industrial.panasonic.com/ww/products/pt/automotive-inductors/models/ETQP3MR68YFN | AT16: https://industrial.panasonic.com/content/data/CC/pictures/lineup-Metal-core.gif | AU16: =_xlfn.IMAGE(All_PCC_a[[#This Row],[Image URL]]) -> #NAME? | BC16: =IF(Z16<('[1]DCDC Ref'!$J$24/'[1]DCDC Ref'!$J$26)*'[1]DCDC Ref'!$J$28/100,0,1) -> 1 | BD16: =IF(BC16=1000000000,"",('All Data'!Q16-'[1]DCDC Ref'!$J$30)/'[1]DCDC Ref'!$J$30*100) -> 7.6043956 | BE16: =ABS(BD16) -> 7.6043956 | BH16: =IF(BG16<0,10000,BG16) -> 0 | BJ16: =IF(BC16=0,"",('All Data'!Z16-'[1]DCDC Ref'!$J$28*('[1]DCDC Ref'!$J$29/100))/'[1]DCDC Ref'!$J$28*('[1]DCDC Ref'!$J$29/100)*100) -> 115.17241 | BK16: =IF(BJ16<0,10000,BJ16) -> 115.17241 | BQ16: =IFERROR(BE16*$BP$6+BK16*$BP$7,"") -> 38597.84 | BR16: =IF(BQ16="","",RANK(BQ16,BQ$11:BQ$9930,1)+COUNTIF(BQ$11:BQ16,BQ16)-1) -> 3 | BS16: =RANK(BR16,BR$11:BR$9930,1) -> 3 | BT16: =IFERROR(INDEX($O$11:$O$1013,MATCH(ROWS($BS$11:BS16),$BS$11:$BS$1005,0)),"") -> ETQP5MR68YSC | BU16: =IF(BT16<>"",BT16,"") -> ETQP5MR68YSC
A17: 38 | B17: 〇 | D17: OK | F17: MP | G17: Panasonic | H17: SMD | I17: Metal Composite | J17: PCC | K17: High Isat (Standard) | L17: 5M-YLC | M17: PCC-M1050ML | N17: Yes | O17: ETQP5MR68YLC | P17: =MID(All_PCC_a[[#This Row],[Part Number]],7,3) -> R68 | Q17: 0.68 | R17: =IF(All_PCC_a[[#This Row],[Lo (uH)]]<1,"<1",IF(All_PCC_a[[#This Row],[Lo (uH)]]<10,"<10",IF(All_PCC_a[[#This Row],[Lo (uH)]]<100,"<100",IF(All_PCC_a[[#This Row],[Lo (uH)]]<2000,"<2000","")))) -> <1 | S17: =IFERROR(VLOOKUP(All_PCC_a[[#This Row],[Lo (uH)]],[1]Utility!$D$5:$E$43,2,1),"-") -> ≤ 0.7 | T17: 0.2 | U17: 1.75 | V17: 1.93 | W17: 10 | X17: 31.5 | Y17: 26.3 | Z17: 40 | AA17: 28.37 | AB17: 10.9 | AC17: 10 | AD17: 5 | AE17: =ROUND(All_PCC_a[[#This Row],[L (mm)]]*All_PCC_a[[#This Row],[W (mm)]],1) -> 109 | AF17: =All_PCC_a[[#This Row],[L (mm)]]&" x "&All_PCC_a[[#This Row],[W (mm)]] -> 10,9 x 10 | AG17: 10 x 10 | AH17: =IF(All_PCC_a[[#This Row],[Max Height (mm)]]<=9,"≤ "&ROUNDUP(AD17,0),"≤"&ROUNDUP(AD17,0)) -> ≤ 5 | AI17: -40 | AJ17: 150 | AK17: =All_PCC_a[[#This Row],[Min Temp (deg.C)]]&" to +"&All_PCC_a[[#This Row],[Max Temp (deg.C)]] -> -40 to +150 | AO17: - | AP17: =IFERROR(IF(L1Round>1,ROUND(L1Round,1),L1Round),"-") -> - | AQ17: - | AR17: - | AS17: https://industrial.panasonic.com/ww/products/pt/automotive-inductors/models/ETQP5MR68YLC | AT17: https://industrial.panasonic.com/content/data/CC/pictures/lineup-Metal-core.gif | AU17: =_xlfn.IMAGE(All_PCC_a[[#This Row],[Image URL]]) -> #NAME? | BC17: =IF(Z17<('[1]DCDC Ref'!$J$24/'[1]DCDC Ref'!$J$26)*'[1]DCDC Ref'!$J$28/100,0,1) -> 1 | BD17: =IF(BC17=1000000000,"",('All Data'!Q17-'[1]DCDC Ref'!$J$30)/'[1]DCDC Ref'!$J$30*100) -> 7.6043956 | BE17: =ABS(BD17) -> 7.6043956 | BH17: =IF(BG17<0,10000,BG17) -> 0 | BJ17: =IF(BC17=0,"",('All Data'!Z17-'[1]DCDC Ref'!$J$28*('[1]DCDC Ref'!$J$29/100))/'[1]DCDC Ref'!$J$28*('[1]DCDC Ref'!$J$29/100)*100) -> 258.62069 | BK17: =IF(BJ17<0,10000,BJ17) -> 258.62069 | BQ17: =IFERROR(BE17*$BP$6+BK17*$BP$7,"") -> 39315.081 | BR17: =IF(BQ17="","",RANK(BQ17,BQ$11:BQ$9930,1)+COUNTIF(BQ$11:BQ17,BQ17)-1) -> 5 | BS17: =RANK(BR17,BR$11:BR$9930,1) -> 5 | BT17: =IFERROR(INDEX($O$11:$O$1013,MATCH(ROWS($BS$11:BS17),$BS$11:$BS$1005,0)),"") -> ETQP8MR68JFA | BU17: =IF(BT17<>"",BT17,"") -> ETQP8MR68JFA
A18: 46 | B18: 〇 | D18: OK | F18: MP | G18: Panasonic | H18: SMD | I18: Metal Composite | J18: PCC | K18: High Current (≥□12) | L18: 8M-JFA | M18: PCC-M1280MF | N18: Yes | O18: ETQP8MR68JFA | P18: =MID(All_PCC_a[[#This Row],[Part Number]],7,3) -> R68 | Q18: 0.68 | R18: =IF(All_PCC_a[[#This Row],[Lo (uH)]]<1,"<1",IF(All_PCC_a[[#This Row],[Lo (uH)]]<10,"<10",IF(All_PCC_a[[#This Row],[Lo (uH)]]<100,"<100",IF(All_PCC_a[[#This Row],[Lo (uH)]]<2000,"<2000","")))) -> <1 | S18: =IFERROR(VLOOKUP(All_PCC_a[[#This Row],[Lo (uH)]],[1]Utility!$D$5:$E$43,2,1),"-") -> ≤ 0.7 | T18: 0.2 | U18: 1.1 | V18: 1.21 | W18: 10 | X18: 42.6 | Y18: 35.4 | Z18: 56.9 | AA18: =ROUND(40.3333333333333,2) -> 40.33 | AB18: 12.6 | AC18: 13.2 | AD18: 8 | AE18: =ROUND(All_PCC_a[[#This Row],[L (mm)]]*All_PCC_a[[#This Row],[W (mm)]],1) -> 166.3 | AF18: =All_PCC_a[[#This Row],[L (mm)]]&" x "&All_PCC_a[[#This Row],[W (mm)]] -> 12,6 x 13,2 | AG18: 12 x 12 | AH18: =IF(All_PCC_a[[#This Row],[Max Height (mm)]]<=9,"≤ "&ROUNDUP(AD18,0),"≤"&ROUNDUP(AD18,0)) -> ≤ 8 | AI18: -40 | AJ18: 160 | AK18: =All_PCC_a[[#This Row],[Min Temp (deg.C)]]&" to +"&All_PCC_a[[#This Row],[Max Temp (deg.C)]] -> -40 to +160 | AN18: 15Gと聞いたがカタログは30G | AO18: - | AP18: =IFERROR(IF(L1Round>1,ROUND(L1Round,1),L1Round),"-") -> - | AQ18: - | AR18: - | AS18: https://industrial.panasonic.com/ww/products/pt/automotive-inductors/models/ETQP8MR68JFA | AT18: https://industrial.panasonic.com/content/data/CC/pictures/lineup-Large%20current.gif | AU18: =_xlfn.IMAGE(All_PCC_a[[#This Row],[Image URL]]) -> #NAME? | AZ18: =IF(AY18=1,COUNTIF($AY$11:AY18,1),"") | BC18: =IF(Z18<('[1]DCDC Ref'!$J$24/'[1]DCDC Ref'!$J$26)*'[1]DCDC Ref'!$J$28/100,0,1) -> 1 | BD18: =IF(BC18=1000000000,"",('All Data'!Q18-'[1]DCDC Ref'!$J$30)/'[1]DCDC Ref'!$J$30*100) -> 7.6043956 | BE18: =ABS(BD18) -> 7.6043956 | BH18: =IF(BG18<0,10000,BG18) -> 0 | BJ18: =IF(BC18=0,"",('All Data'!Z18-'[1]DCDC Ref'!$J$28*('[1]DCDC Ref'!$J$29/100))/'[1]DCDC Ref'!$J$28*('[1]DCDC Ref'!$J$29/100)*100) -> 410.13793 | BK18: =IF(BJ18<0,10000,BJ18) -> 410.13793 | BQ18: =IFERROR(BE18*$BP$6+BK18*$BP$7,"") -> 40072.668 | BR18: =IF(BQ18="","",RANK(BQ18,BQ$11:BQ$9930,1)+COUNTIF(BQ$11:BQ18,BQ18)-1) -> 7 | BS18: =RANK(BR18,BR$11:BR$9930,1) -> 7 | BT18: =IFERROR(INDEX($O$11:$O$1013,MATCH(ROWS($BS$11:BS18),$BS$11:$BS$1005,0)),"") -> ETQPAMR68JFW | BU18: =IF(BT18<>"",BT18,"") -> ETQPAMR68JFW
A19: 59 | B19: 〇 | D19: OK | F19: MP | G19: Panasonic | H19: SMD | I19: Metal Composite | J19: PCC | K19: LP (Low Profile) | L19: 3M-KVP | M19: PCC-M0530M-LP | N19: Yes | O19: ETQP3MR68KVP | P19: =MID(All_PCC_a[[#This Row],[Part Number]],7,3) -> R68 | Q19: 0.68 | R19: =IF(All_PCC_a[[#This Row],[Lo (uH)]]<1,"<1",IF(All_PCC_a[[#This Row],[Lo (uH)]]<10,"<10",IF(All_PCC_a[[#This Row],[Lo (uH)]]<100,"<100",IF(All_PCC_a[[#This Row],[Lo (uH)]]<2000,"<2000","")))) -> <1 | S19: =IFERROR(VLOOKUP(All_PCC_a[[#This Row],[Lo (uH)]],[1]Utility!$D$5:$E$43,2,1),"-") -> ≤ 0.7 | T19: 0.2 | U19: 7.6 | V19: 8.36 | W19: 10 | X19: 10.2 | Y19: 8.4 | Z19: 15.9 | AA19: 10.4 | AB19: 5.5 | AC19: 5 | AD19: 3 | AE19: =ROUND(All_PCC_a[[#This Row],[L (mm)]]*All_PCC_a[[#This Row],[W (mm)]],1) -> 27.5 | AF19: =All_PCC_a[[#This Row],[L (mm)]]&" x "&All_PCC_a[[#This Row],[W (mm)]] -> 5,5 x 5 | AG19: _5 x 5 | AH19: =IF(All_PCC_a[[#This Row],[Max Height (mm)]]<=9,"≤ "&ROUNDUP(AD19,0),"≤"&ROUNDUP(AD19,0)) -> ≤ 3 | AI19: -55 | AJ19: 155 | AK19: =All_PCC_a[[#This Row],[Min Temp (deg.C)]]&" to +"&All_PCC_a[[#This Row],[Max Temp (deg.C)]] -> -55 to +155 | AO19: - | AP19: =IFERROR(IF(L1Round>1,ROUND(L1Round,1),L1Round),"-") -> - | AQ19: - | AR19: - | AS19: https://industrial.panasonic.com/ww/products/pt/automotive-inductors/models/ETQP3MR68KVP | AT19: https://industrial.panasonic.com/content/data/CC/pictures/lineup-LP.gif | AU19: =_xlfn.IMAGE(All_PCC_a[[#This Row],[Image URL]]) -> #NAME? | AZ19: =IF(AY19=1,COUNTIF($AY$11:AY19,1),"") | BC19: =IF(Z19<('[1]DCDC Ref'!$J$24/'[1]DCDC Ref'!$J$26)*'[1]DCDC Ref'!$J$28/100,0,1) -> 1 | BD19: =IF(BC19=1000000000,"",('All Data'!Q19-'[1]DCDC Ref'!$J$30)/'[1]DCDC Ref'!$J$30*100) -> 7.6043956 | BE19: =ABS(BD19) -> 7.6043956 | BH19: =IF(BG19<0,10000,BG19) -> 0 | BJ19: =IF(BC19=0,"",('All Data'!Z19-'[1]DCDC Ref'!$J$28*('[1]DCDC Ref'!$J$29/100))/'[1]DCDC Ref'!$J$28*('[1]DCDC Ref'!$J$29/100)*100) -> 42.551724 | BK19: =IF(BJ19<0,10000,BJ19) -> 42.551724 | BQ19: =IFERROR(BE19*$BP$6+BK19*$BP$7,"") -> 38234.737 | BR19: =IF(BQ19="","",RANK(BQ19,BQ$11:BQ$9930,1)+COUNTIF(BQ$11:BQ19,BQ19)-1) -> 1 | BS19: =RANK(BR19,BR$11:BR$9930,1) -> 1 | BT19: =IFERROR(INDEX($O$11:$O$1013,MATCH(ROWS($BS$11:BS19),$BS$11:$BS$1005,0)),"") -> ETQP3MR47KVP | BU19: =IF(BT19<>"",BT19,"") -> ETQP3MR47KVP
A20: 70 | B20: 〇 | D20: OK | F20: MP | G20: Panasonic | H20: SMD | I20: Metal Composite | J20: PCC | K20: LP (Low Profile) | L20: 3M-KVN | M20: PCC-M0630M-LP | N20: Yes | O20: ETQP3MR68KVN | P20: =MID(All_PCC_a[[#This Row],[Part Number]],7,3) -> R68 | Q20: 0.68 | R20: =IF(All_PCC_a[[#This Row],[Lo (uH)]]<1,"<1",IF(All_PCC_a[[#This Row],[Lo (uH)]]<10,"<10",IF(All_PCC_a[[#This Row],[Lo (uH)]]<100,"<100",IF(All_PCC_a[[#This Row],[Lo (uH)]]<2000,"<2000","")))) -> <1 | S20: =IFERROR(VLOOKUP(All_PCC_a[[#This Row],[Lo (uH)]],[1]Utility!$D$5:$E$43,2,1),"-") -> ≤ 0.7 | T20: 0.2 | U20: 5.2 | V20: 5.72 | W20: 10 | X20: 13.2 | Y20: 10.8 | Z20: 20.2 | AA20: 14.25 | AB20: 6.4 | AC20: 6 | AD20: 3 | AE20: =ROUND(All_PCC_a[[#This Row],[L (mm)]]*All_PCC_a[[#This Row],[W (mm)]],1) -> 38.4 | AF20: =All_PCC_a[[#This Row],[L (mm)]]&" x "&All_PCC_a[[#This Row],[W (mm)]] -> 6,4 x 6 | AG20: _6 x 6 | AH20: =IF(All_PCC_a[[#This Row],[Max Height (mm)]]<=9,"≤ "&ROUNDUP(AD20,0),"≤"&ROUNDUP(AD20,0)) -> ≤ 3 | AI20: -55 | AJ20: 155 | AK20: =All_PCC_a[[#This Row],[Min Temp (deg.C)]]&" to +"&All_PCC_a[[#This Row],[Max Temp (deg.C)]] -> -55 to +155 | AO20: - | AP20: =IFERROR(IF(L1Round>1,ROUND(L1Round,1),L1Round),"-") -> - | AQ20: - | AR20: - | AS20: https://industrial.panasonic.com/ww/products/pt/automotive-inductors/models/ETQP3MR68KVN | AT20: https://industrial.panasonic.com/content/data/CC/pictures/lineup-LP.gif | AU20: =_xlfn.IMAGE(All_PCC_a[[#This Row],[Image URL]]) -> #NAME? | AZ20: =IF(AY20=1,COUNTIF($AY$11:AY20,1),"") | BC20: =IF(Z20<('[1]DCDC Ref'!$J$24/'[1]DCDC Ref'!$J$26)*'[1]DCDC Ref'!$J$28/100,0,1) -> 1 | BD20: =IF(BC20=1000000000,"",('All Data'!Q20-'[1]DCDC Ref'!$J$30)/'[1]DCDC Ref'!$J$30*100) -> 7.6043956 | BE20: =ABS(BD20) -> 7.6043956 | BH20: =IF(BG20<0,10000,BG20) -> 0 | BJ20: =IF(BC20=0,"",('All Data'!Z20-'[1]DCDC Ref'!$J$28*('[1]DCDC Ref'!$J$29/100))/'[1]DCDC Ref'!$J$28*('[1]DCDC Ref'!$J$29/100)*100) -> 81.103448 | BK20: =IF(BJ20<0,10000,BJ20) -> 81.103448 | BQ20: =IFERROR(BE20*$BP$6+BK20*$BP$7,"") -> 38427.495 | BR20: =IF(BQ20="","",RANK(BQ20,BQ$11:BQ$9930,1)+COUNTIF(BQ$11:BQ20,BQ20)-1) -> 2 | BS20: =RANK(BR20,BR$11:BR$9930,1) -> 2 | BT20: =IFERROR(INDEX($O$11:$O$1013,MATCH(ROWS($BS$11:BS20),$BS$11:$BS$1005,0)),"") -> ETQP3MR47KVN | BU20: =IF(BT20<>"",BT20,"") -> ETQP3MR47KVN
A21: 81 | B21: 〇 | D21: OK | F21: MP | G21: Panasonic | H21: SMD | I21: Metal Composite | J21: PCC | K21: LP (Low Profile) | L21: 4M-KVK | M21: PCC-M0840M-LP | N21: Yes | O21: ETQP4MR68KVK | P21: =MID(All_PCC_a[[#This Row],[Part Number]],7,3) -> R68 | Q21: 0.68 | R21: =IF(All_PCC_a[[#This Row],[Lo (uH)]]<1,"<1",IF(All_PCC_a[[#This Row],[Lo (uH)]]<10,"<10",IF(All_PCC_a[[#This Row],[Lo (uH)]]<100,"<100",IF(All_PCC_a[[#This Row],[Lo (uH)]]<2000,"<2000","")))) -> <1 | S21: =IFERROR(VLOOKUP(All_PCC_a[[#This Row],[Lo (uH)]],[1]Utility!$D$5:$E$43,2,1),"-") -> ≤ 0.7 | T21: 0.2 | U21: 2.92 | V21: 3.21 | W21: 10 | X21: 19.5 | Y21: 16.6 | Z21: 29 | AA21: 20.99 | AB21: 8.4 | AC21: 8 | AD21: 4 | AE21: =ROUND(All_PCC_a[[#This Row],[L (mm)]]*All_PCC_a[[#This Row],[W (mm)]],1) -> 67.2 | AF21: =All_PCC_a[[#This Row],[L (mm)]]&" x "&All_PCC_a[[#This Row],[W (mm)]] -> 8,4 x 8 | AG21: _8 x 8 | AH21: =IF(All_PCC_a[[#This Row],[Max Height (mm)]]<=9,"≤ "&ROUNDUP(AD21,0),"≤"&ROUNDUP(AD21,0)) -> ≤ 4 | AI21: -55 | AJ21: 155 | AK21: =All_PCC_a[[#This Row],[Min Temp (deg.C)]]&" to +"&All_PCC_a[[#This Row],[Max Temp (deg.C)]] -> -55 to +155 | AO21: - | AP21: =IFERROR(IF(L1Round>1,ROUND(L1Round,1),L1Round),"-") -> - | AQ21: - | AR21: - | AS21: https://industrial.panasonic.com/ww/products/pt/automotive-inductors/models/ETQP4MR68KVK | AT21: https://industrial.panasonic.com/content/data/CC/pictures/lineup-LP.gif | AU21: =_xlfn.IMAGE(All_PCC_a[[#This Row],[Image URL]]) -> #NAME? | AZ21: =IF(AY21=1,COUNTIF($AY$11:AY21,1),"") | BC21: =IF(Z21<('[1]DCDC Ref'!$J$24/'[1]DCDC Ref'!$J$26)*'[1]DCDC Ref'!$J$28/100,0,1) -> 1 | BD21: =IF(BC21=1000000000,"",('All Data'!Q21-'[1]DCDC Ref'!$J$30)/'[1]DCDC Ref'!$J$30*100) -> 7.6043956 | BE21: =ABS(BD21) -> 7.6043956 | BH21: =IF(BG21<0,10000,BG21) -> 0 | BJ21: =IF(BC21=0,"",('All Data'!Z21-'[1]DCDC Ref'!$J$28*('[1]DCDC Ref'!$J$29/100))/'[1]DCDC Ref'!$J$28*('[1]DCDC Ref'!$J$29/100)*100) -> 160 | BK21: =IF(BJ21<0,10000,BJ21) -> 160 | BQ21: =IFERROR(BE21*$BP$6+BK21*$BP$7,"") -> 38821.978 | BR21: =IF(BQ21="","",RANK(BQ21,BQ$11:BQ$9930,1)+COUNTIF(BQ$11:BQ21,BQ21)-1) -> 4 | BS21: =RANK(BR21,BR$11:BR$9930,1) -> 4 | BT21: =IFERROR(INDEX($O$11:$O$1013,MATCH(ROWS($BS$11:BS21),$BS$11:$BS$1005,0)),"") -> ETQP4MR47KFM | BU21: =IF(BT21<>"",BT21,"") -> ETQP4MR47KFM
A22: 96 | B22: 〇 | D22: OK | F22: MP | G22: Panasonic | H22: SMD | I22: Metal Composite | J22: PCC | K22: High Anti-vibration | L22: 5M-YSC | M22: PCC-M1050MS | N22: Yes | O22: ETQP5MR68YSC | P22: =MID(All_PCC_a[[#This Row],[Part Number]],7,3) -> R68 | Q22: 0.68 | R22: =IF(All_PCC_a[[#This Row],[Lo (uH)]]<1,"<1",IF(All_PCC_a[[#This Row],[Lo (uH)]]<10,"<10",IF(All_PCC_a[[#This Row],[Lo (uH)]]<100,"<100",IF(All_PCC_a[[#This Row],[Lo (uH)]]<2000,"<2000","")))) -> <1 | S22: =IFERROR(VLOOKUP(All_PCC_a[[#This Row],[Lo (uH)]],[1]Utility!$D$5:$E$43,2,1),"-") -> ≤ 0.7 | T22: 0.2 | U22: 1.66 | V22: 1.83 | W22: 10 | X22: 32.3 | Y22: 27 | Z22: 40 | AA22: 28.1 | AB22: 10.9 | AC22: 10 | AD22: 5 | AE22: =ROUND(All_PCC_a[[#This Row],[L (mm)]]*All_PCC_a[[#This Row],[W (mm)]],1) -> 109 | AF22: =All_PCC_a[[#This Row],[L (mm)]]&" x "&All_PCC_a[[#This Row],[W (mm)]] -> 10,9 x 10 | AG22: 10 x 10 | AH22: =IF(All_PCC_a[[#This Row],[Max Height (mm)]]<=9,"≤ "&ROUNDUP(AD22,0),"≤"&ROUNDUP(AD22,0)) -> ≤ 5 | AI22: -40 | AJ22: 150 | AK22: =All_PCC_a[[#This Row],[Min Temp (deg.C)]]&" to +"&All_PCC_a[[#This Row],[Max Temp (deg.C)]] -> -40 to +150 | AO22: - | AP22: =IFERROR(IF(L1Round>1,ROUND(L1Round,1),L1Round),"-") -> - | AQ22: - | AR22: - | AS22: https://industrial.panasonic.com/ww/products/pt/automotive-inductors/models/ETQP5MR68YSC | AT22: https://industrial.panasonic.com/content/data/CC/pictures/lineup-High%20Vibration%20Acceleration.gif | AU22: =_xlfn.IMAGE(All_PCC_a[[#This Row],[Image URL]]) -> #NAME? | AZ22: =IF(AY22=1,COUNTIF($AY$11:AY22,1),"") | BC22: =IF(Z22<('[1]DCDC Ref'!$J$24/'[1]DCDC Ref'!$J$26)*'[1]DCDC Ref'!$J$28/100,0,1) -> 1 | BD22: =IF(BC22=1000000000,"",('All Data'!Q22-'[1]DCDC Ref'!$J$30)/'[1]DCDC Ref'!$J$30*100) -> 7.6043956 | BE22: =ABS(BD22) -> 7.6043956 | BH22: =IF(BG22<0,10000,BG22) -> 0 | BJ22: =IF(BC22=0,"",('All Data'!Z22-'[1]DCDC Ref'!$J$28*('[1]DCDC Ref'!$J$29/100))/'[1]DCDC Ref'!$J$28*('[1]DCDC Ref'!$J$29/100)*100) -> 258.62069 | BK22: =IF(BJ22<0,10000,BJ22) -> 258.62069 | BQ22: =IFERROR(BE22*$BP$6+BK22*$BP$7,"") -> 39315.081 | BR22: =IF(BQ22="","",RANK(BQ22,BQ$11:BQ$9930,1)+COUNTIF(BQ$11:BQ22,BQ22)-1) -> 6 | BS22: =RANK(BR22,BR$11:BR$9930,1) -> 6 | BT22: =IFERROR(INDEX($O$11:$O$1013,MATCH(ROWS($BS$11:BS22),$BS$11:$BS$1005,0)),"") -> ETQP4MR47KVK | BU22: =IF(BT22<>"",BT22,"") -> ETQP4MR47KVK
A23: 2 | B23: 〇 | D23: OK | F23: MP | G23: Panasonic | H23: SMD | I23: Metal Composite | J23: PCC | K23: High Isat (Standard) | L23: 3M-YFN | M23: PCC-M0630M | N23: Yes | O23: ETQP3M1R0YFN | P23: =MID(All_PCC_a[[#This Row],[Part Number]],7,3) -> 1R0 | Q23: 1 | R23: =IF(All_PCC_a[[#This Row],[Lo (uH)]]<1,"<1",IF(All_PCC_a[[#This Row],[Lo (uH)]]<10,"<10",IF(All_PCC_a[[#This Row],[Lo (uH)]]<100,"<100",IF(All_PCC_a[[#This Row],[Lo (uH)]]<2000,"<2000","")))) -> <10 | S23: =IFERROR(VLOOKUP(All_PCC_a[[#This Row],[Lo (uH)]],[1]Utility!$D$5:$E$43,2,1),"-") -> ≤ 1 | T23: 0.2 | U23: 7.9 | V23: 8.69 | W23: 10 | X23: 10.7 | Y23: 8.8 | Z23: 20 | AA23: 14.47 | AB23: 6.5 | AC23: 6 | AD23: 3 | AE23: =ROUND(All_PCC_a[[#This Row],[L (mm)]]*All_PCC_a[[#This Row],[W (mm)]],1) -> 39 | AF23: =All_PCC_a[[#This Row],[L (mm)]]&" x "&All_PCC_a[[#This Row],[W (mm)]] -> 6,5 x 6 | AG23: _6 x 6 | AH23: =IF(All_PCC_a[[#This Row],[Max Height (mm)]]<=9,"≤ "&ROUNDUP(AD23,0),"≤"&ROUNDUP(AD23,0)) -> ≤ 3 | AI23: -40 | AJ23: 150 | AK23: =All_PCC_a[[#This Row],[Min Temp (deg.C)]]&" to +"&All_PCC_a[[#This Row],[Max Temp (deg.C)]] -> -40 to +150 | AO23: - | AP23: =IFERROR(IF(L1Round>1,ROUND(L1Round,1),L1Round),"-") -> - | AQ23: - | AR23: - | AS23: https://industrial.panasonic.com/ww/products/pt/automotive-inductors/models/ETQP3M1R0YFN | AT23: https://industrial.panasonic.com/content/data/CC/pictures/lineup-Metal-core.gif | AU23: =_xlfn.IMAGE(All_PCC_a[[#This Row],[Image URL]]) -> #NAME? | AZ23: =IF(AY23=1,COUNTIF($AY$11:AY23,1),"") | BC23: =IF(Z23<('[1]DCDC Ref'!$J$24/'[1]DCDC Ref'!$J$26)*'[1]DCDC Ref'!$J$28/100,0,1) -> 1 | BD23: =IF(BC23=1000000000,"",('All Data'!Q23-'[1]DCDC Ref'!$J$30)/'[1]DCDC Ref'!$J$30*100) -> 58.241758 | BE23: =ABS(BD23) -> 58.241758 | BH23: =IF(BG23<0,10000,BG23) -> 0 | BJ23: =IF(BC23=0,"",('All Data'!Z23-'[1]DCDC Ref'!$J$28*('[1]DCDC Ref'!$J$29/100))/'[1]DCDC Ref'!$J$28*('[1]DCDC Ref'!$J$29/100)*100) -> 79.310345 | BK23: =IF(BJ23<0,10000,BJ23) -> 79.310345 | BQ23: =IFERROR(BE23*$BP$6+BK23*$BP$7,"") -> 291605.34 | BR23: =IF(BQ23="","",RANK(BQ23,BQ$11:BQ$9930,1)+COUNTIF(BQ$11:BQ23,BQ23)-1) -> 21 | BS23: =RANK(BR23,BR$11:BR$9930,1) -> 21 | BT23: =IFERROR(INDEX($O$11:$O$1013,MATCH(ROWS($BS$11:BS23),$BS$11:$BS$1005,0)),"") -> ETQP4MR47KLC | BU23: =IF(BT23<>"",BT23,"") -> ETQP4MR47KLC
A24: 39 | B24: 〇 | D24: OK | F24: MP | G24: Panasonic | H24: SMD | I24: Metal Composite | J24: PCC | K24: High Isat (Standard) | L24: 5M-YLC | M24: PCC-M1050ML | N24: Yes | O24: ETQP5M1R0YLC | P24: =MID(All_PCC_a[[#This Row],[Part Number]],7,3) -> 1R0 | Q24: 1 | R24: =IF(All_PCC_a[[#This Row],[Lo (uH)]]<1,"<1",IF(All_PCC_a[[#This Row],[Lo (uH)]]<10,"<10",IF(All_PCC_a[[#This Row],[Lo (uH)]]<100,"<100",IF(All_PCC_a[[#This Row],[Lo (uH)]]<2000,"<2000","")))) -> <10 | S24: =IFERROR(VLOOKUP(All_PCC_a[[#This Row],[Lo (uH)]],[1]Utility!$D$5:$E$43,2,1),"-") -> ≤ 1 | T24: 0.2 | U24: 2.3 | V24: 2.53 | W24: 10 | X24: 27.5 | Y24: 23 | Z24: 37.8 | AA24: 24.6 | AB24: 10.9 | AC24: 10 | AD24: 5 | AE24: =ROUND(All_PCC_a[[#This Row],[L (mm)]]*All_PCC_a[[#This Row],[W (mm)]],1) -> 109 | AF24: =All_PCC_a[[#This Row],[L (mm)]]&" x "&All_PCC_a[[#This Row],[W (mm)]] -> 10,9 x 10 | AG24: 10 x 10 | AH24: =IF(All_PCC_a[[#This Row],[Max Height (mm)]]<=9,"≤ "&ROUNDUP(AD24,0),"≤"&ROUNDUP(AD24,0)) -> ≤ 5 | AI24: -40 | AJ24: 150 | AK24: =All_PCC_a[[#This Row],[Min Temp (deg.C)]]&" to +"&All_PCC_a[[#This Row],[Max Temp (deg.C)]] -> -40 to +150 | AO24: - | AP24: =IFERROR(IF(L1Round>1,ROUND(L1Round,1),L1Round),"-") -> - | AQ24: - | AR24: - | AS24: https://industrial.panasonic.com/ww/products/pt/automotive-inductors/models/ETQP5M1R0YLC | AT24: https://industrial.panasonic.com/content/data/CC/pictures/lineup-Metal-core.gif | AU24: =_xlfn.IMAGE(All_PCC_a[[#This Row],[Image URL]]) -> #NAME? | BC24: =IF(Z24<('[1]DCDC Ref'!$J$24/'[1]DCDC Ref'!$J$26)*'[1]DCDC Ref'!$J$28/100,0,1) -> 1 | BD24: =IF(BC24=1000000000,"",('All Data'!Q24-'[1]DCDC Ref'!$J$30)/'[1]DCDC Ref'!$J$30*100) -> 58.241758 | BE24: =ABS(BD24) -> 58.241758 | BH24: =IF(BG24<0,10000,BG24) -> 0 | BJ24: =IF(BC24=0,"",('All Data'!Z24-'[1]DCDC Ref'!$J$28*('[1]DCDC Ref'!$J$29/100))/'[1]DCDC Ref'!$J$28*('[1]DCDC Ref'!$J$29/100)*100) -> 238.89655 | BK24: =IF(BJ24<0,10000,BJ24) -> 238.89655 | BQ24: =IFERROR(BE24*$BP$6+BK24*$BP$7,"") -> 292403.27 | BR24: =IF(BQ24="","",RANK(BQ24,BQ$11:BQ$9930,1)+COUNTIF(BQ$11:BQ24,BQ24)-1) -> 24 | BS24: =RANK(BR24,BR$11:BR$9930,1) -> 24 | BT24: =IFERROR(INDEX($O$11:$O$1013,MATCH(ROWS($BS$11:BS24),$BS$11:$BS$1005,0)),"") -> ETQP3MR33KVP | BU24: =IF(BT24<>"",BT24,"") -> ETQP3MR33KVP
A25: 47 | B25: 〇 | D25: OK | F25: MP | G25: Panasonic | H25: SMD | I25: Metal Composite | J25: PCC | K25: High Current (≥□12) | L25: 8M-JFA | M25: PCC-M1280MF | N25: Yes | O25: ETQP8M1R0JFA | P25: =MID(All_PCC_a[[#This Row],[Part Number]],7,3) -> 1R0 | Q25: 1 | R25: =IF(All_PCC_a[[#This Row],[Lo (uH)]]<1,"<1",IF(All_PCC_a[[#This Row],[Lo (uH)]]<10,"<10",IF(All_PCC_a[[#This Row],[Lo (uH)]]<100,"<100",IF(All_PCC_a[[#This Row],[Lo (uH)]]<2000,"<2000","")))) -> <10 | S25: =IFERROR(VLOOKUP(All_PCC_a[[#This Row],[Lo (uH)]],[1]Utility!$D$5:$E$43,2,1),"-") -> ≤ 1 | T25: 0.2 | U25: 1.36 | V25: 1.5 | W25: 10 | X25: 38.3 | Y25: 31.8 | Z25: 44.4 | AA25: =ROUND(31.5641025641026,2) -> 31.56 | AB25: 12.6 | AC25: 13.2 | AD25: 8 | AE25: =ROUND(All_PCC_a[[#This Row],[L (mm)]]*All_PCC_a[[#This Row],[W (mm)]],1) -> 166.3 | AF25: =All_PCC_a[[#This Row],[L (mm)]]&" x "&All_PCC_a[[#This Row],[W (mm)]] -> 12,6 x 13,2 | AG25: 12 x 12 | AH25: =IF(All_PCC_a[[#This Row],[Max Height (mm)]]<=9,"≤ "&ROUNDUP(AD25,0),"≤"&ROUNDUP(AD25,0)) -> ≤ 8 | AI25: -40 | AJ25: 160 | AK25: =All_PCC_a[[#This Row],[Min Temp (deg.C)]]&" to +"&All_PCC_a[[#This Row],[Max Temp (deg.C)]] -> -40 to +160 | AN25: 15Gと聞いたがカタログは30G | AO25: - | AP25: =IFERROR(IF(L1Round>1,ROUND(L1Round,1),L1Round),"-") -> - | AQ25: - | AR25: - | AS25: https://industrial.panasonic.com/ww/products/pt/automotive-inductors/models/ETQP8M1R0JFA | AT25: https://industrial.panasonic.com/content/data/CC/pictures/lineup-Large%20current.gif | AU25: =_xlfn.IMAGE(All_PCC_a[[#This Row],[Image URL]]) -> #NAME? | AZ25: =IF(AY25=1,COUNTIF($AY$11:AY25,1),"") | BC25: =IF(Z25<('[1]DCDC Ref'!$J$24/'[1]DCDC Ref'!$J$26)*'[1]DCDC Ref'!$J$28/100,0,1) -> 1 | BD25: =IF(BC25=1000000000,"",('All Data'!Q25-'[1]DCDC Ref'!$J$30)/'[1]DCDC Ref'!$J$30*100) -> 58.241758 | BE25: =ABS(BD25) -> 58.241758 | BH25: =IF(BG25<0,10000,BG25) -> 0 | BJ25: =IF(BC25=0,"",('All Data'!Z25-'[1]DCDC Ref'!$J$28*('[1]DCDC Ref'!$J$29/100))/'[1]DCDC Ref'!$J$28*('[1]DCDC Ref'!$J$29/100)*100) -> 298.06897 | BK25: =IF(BJ25<0,10000,BJ25) -> 298.06897 | BQ25: =IFERROR(BE25*$BP$6+BK25*$BP$7,"") -> 292699.14 | BR25: =IF(BQ25="","",RANK(BQ25,BQ$11:BQ$9930,1)+COUNTIF(BQ$11:BQ25,BQ25)-1) -> 25 | BS25: =RANK(BR25,BR$11:BR$9930,1) -> 25 | BT25: =IFERROR(INDEX($O$11:$O$1013,MATCH(ROWS($BS$11:BS25),$BS$11:$BS$1005,0)),"") -> ETQP4MR33KLC | BU25: =IF(BT25<>"",BT25,"") -> ETQP4MR33KLC
A26: 58 | B26: 〇 | D26: OK | F26: MP | G26: Panasonic | H26: SMD | I26: Metal Composite | J26: PCC | K26: LP (Low Profile) | L26: 3M-KVP | M26: PCC-M0530M-LP | N26: Yes | O26: ETQP3M1R0KVP | P26: =MID(All_PCC_a[[#This Row],[Part Number]],7,3) -> 1R0 | Q26: 1 | R26: =IF(All_PCC_a[[#This Row],[Lo (uH)]]<1,"<1",IF(All_PCC_a[[#This Row],[Lo (uH)]]<10,"<10",IF(All_PCC_a[[#This Row],[Lo (uH)]]<100,"<100",IF(All_PCC_a[[#This Row],[Lo (uH)]]<2000,"<2000","")))) -> <10 | S26: =IFERROR(VLOOKUP(All_PCC_a[[#This Row],[Lo (uH)]],[1]Utility!$D$5:$E$43,2,1),"-") -> ≤ 1 | T26: 0.2 | U26: 9.6 | V26: 10.56 | W26: 10 | X26: 9 | Y26: 7.5 | Z26: 14.1 | AA26: 10.4 | AB26: 5.5 | AC26: 5 | AD26: 3 | AE26: =ROUND(All_PCC_a[[#This Row],[L (mm)]]*All_PCC_a[[#This Row],[W (mm)]],1) -> 27.5 | AF26: =All_PCC_a[[#This Row],[L (mm)]]&" x "&All_PCC_a[[#This Row],[W (mm)]] -> 5,5 x 5 | AG26: _5 x 5 | AH26: =IF(All_PCC_a[[#This Row],[Max Height (mm)]]<=9,"≤ "&ROUNDUP(AD26,0),"≤"&ROUNDUP(AD26,0)) -> ≤ 3 | AI26: -55 | AJ26: 155 | AK26: =All_PCC_a[[#This Row],[Min Temp (deg.C)]]&" to +"&All_PCC_a[[#This Row],[Max Temp (deg.C)]] -> -55 to +155 | AO26: - | AP26: =IFERROR(IF(L1Round>1,ROUND(L1Round,1),L1Round),"-") -> - | AQ26: - | AR26: - | AS26: https://industrial.panasonic.com/ww/products/pt/automotive-inductors/models/ETQP3M1R0KVP | AT26: https://industrial.panasonic.com/content/data/CC/pictures/lineup-LP.gif | AU26: =_xlfn.IMAGE(All_PCC_a[[#This Row],[Image URL]]) -> #NAME? | AZ26: =IF(AY26=1,COUNTIF($AY$11:AY26,1),"") | BC26: =IF(Z26<('[1]DCDC Ref'!$J$24/'[1]DCDC Ref'!$J$26)*'[1]DCDC Ref'!$J$28/100,0,1) -> 1 | BD26: =IF(BC26=1000000000,"",('All Data'!Q26-'[1]DCDC Ref'!$J$30)/'[1]DCDC Ref'!$J$30*100) -> 58.241758 | BE26: =ABS(BD26) -> 58.241758 | BH26: =IF(BG26<0,10000,BG26) -> 0 | BJ26: =IF(BC26=0,"",('All Data'!Z26-'[1]DCDC Ref'!$J$28*('[1]DCDC Ref'!$J$29/100))/'[1]DCDC Ref'!$J$28*('[1]DCDC Ref'!$J$29/100)*100) -> 26.413793 | BK26: =IF(BJ26<0,10000,BJ26) -> 26.413793 | BQ26: =IFERROR(BE26*$BP$6+BK26*$BP$7,"") -> 291340.86 | BR26: =IF(BQ26="","",RANK(BQ26,BQ$11:BQ$9930,1)+COUNTIF(BQ$11:BQ26,BQ26)-1) -> 19 | BS26: =RANK(BR26,BR$11:BR$9930,1) -> 19 | BT26: =IFERROR(INDEX($O$11:$O$1013,MATCH(ROWS($BS$11:BS26),$BS$11:$BS$1005,0)),"") -> ETQP5MR33YLC | BU26: =IF(BT26<>"",BT26,"") -> ETQP5MR33YLC
A27: 69 | B27: 〇 | D27: OK | F27: MP | G27: Panasonic | H27: SMD | I27: Metal Composite | J27: PCC | K27: LP (Low Profile) | L27: 3M-KVN | M27: PCC-M0630M-LP | N27: Yes | O27: ETQP3M1R0KVN | P27: =MID(All_PCC_a[[#This Row],[Part Number]],7,3) -> 1R0 | Q27: 1 | R27: =IF(All_PCC_a[[#This Row],[Lo (uH)]]<1,"<1",IF(All_PCC_a[[#This Row],[Lo (uH)]]<10,"<10",IF(All_PCC_a[[#This Row],[Lo (uH)]]<100,"<100",IF(All_PCC_a[[#This Row],[Lo (uH)]]<2000,"<2000","")))) -> <10 | S27: =IFERROR(VLOOKUP(All_PCC_a[[#This Row],[Lo (uH)]],[1]Utility!$D$5:$E$43,2,1),"-") -> ≤ 1 | T27: 0.2 | U27: 6.2 | V27: 6.82 | W27: 10 | X27: 12.1 | Y27: 9.9 | Z27: 16 | AA27: 10.65 | AB27: 6.4 | AC27: 6 | AD27: 3 | AE27: =ROUND(All_PCC_a[[#This Row],[L (mm)]]*All_PCC_a[[#This Row],[W (mm)]],1) -> 38.4 | AF27: =All_PCC_a[[#This Row],[L (mm)]]&" x "&All_PCC_a[[#This Row],[W (mm)]] -> 6,4 x 6 | AG27: _6 x 6 | AH27: =IF(All_PCC_a[[#This Row],[Max Height (mm)]]<=9,"≤ "&ROUNDUP(AD27,0),"≤"&ROUNDUP(AD27,0)) -> ≤ 3 | AI27: -55 | AJ27: 155 | AK27: =All_PCC_a[[#This Row],[Min Temp (deg.C)]]&" to +"&All_PCC_a[[#This Row],[Max Temp (deg.C)]] -> -55 to +155 | AO27: - | AP27: =IFERROR(IF(L1Round>1,ROUND(L1Round,1),L1Round),"-") -> - | AQ27: - | AR27: - | AS27: https://industrial.panasonic.com/ww/products/pt/automotive-inductors/models/ETQP3M1R0KVN | AT27: https://industrial.panasonic.com/content/data/CC/pictures/lineup-LP.gif | AU27: =_xlfn.IMAGE(All_PCC_a[[#This Row],[Image URL]]) -> #NAME? | AZ27: =IF(AY27=1,COUNTIF($AY$11:AY27,1),"") | BC27: =IF(Z27<('[1]DCDC Ref'!$J$24/'[1]DCDC Ref'!$J$26)*'[1]DCDC Ref'!$J$28/100,0,1) -> 1 | BD27: =IF(BC27=1000000000,"",('All Data'!Q27-'[1]DCDC Ref'!$J$30)/'[1]DCDC Ref'!$J$30*100) -> 58.241758 | BE27: =ABS(BD27) -> 58.241758 | BH27: =IF(BG27<0,10000,BG27) -> 0 | BJ27: =IF(BC27=0,"",('All Data'!Z27-'[1]DCDC Ref'!$J$28*('[1]DCDC Ref'!$J$29/100))/'[1]DCDC Ref'!$J$28*('[1]DCDC Ref'!$J$29/100)*100) -> 43.448276 | BK27: =IF(BJ27<0,10000,BJ27) -> 43.448276 | BQ27: =IFERROR(BE27*$BP$6+BK27*$BP$7,"") -> 291426.03 | BR27: =IF(BQ27="","",RANK(BQ27,BQ$11:BQ$9930,1)+COUNTIF(BQ$11:BQ27,BQ27)-1) -> 20 | BS27: =RANK(BR27,BR$11:BR$9930,1) -> 20 | BT27: =IFERROR(INDEX($O$11:$O$1013,MATCH(ROWS($BS$11:BS27),$BS$11:$BS$1005,0)),"") -> ETQP8MR33JFA | BU27: =IF(BT27<>"",BT27,"") -> ETQP8MR33JFA
A28: 80 | B28: 〇 | D28: OK | F28: MP | G28: Panasonic | H28: SMD | I28: Metal Composite | J28: PCC | K28: LP (Low Profile) | L28: 4M-KVK | M28: PCC-M0840M-LP | N28: Yes | O28: ETQP4M1R0KVK | P28: =MID(All_PCC_a[[#This Row],[Part Number]],7,3) -> 1R0 | Q28: 1 | R28: =IF(All_PCC_a[[#This Row],[Lo (uH)]]<1,"<1",IF(All_PCC_a[[#This Row],[Lo (uH)]]<10,"<10",IF(All_PCC_a[[#This Row],[Lo (uH)]]<100,"<100",IF(All_PCC_a[[#This Row],[Lo (uH)]]<2000,"<2000","")))) -> <10 | S28: =IFERROR(VLOOKUP(All_PCC_a[[#This Row],[Lo (uH)]],[1]Utility!$D$5:$E$43,2,1),"-") -> ≤ 1 | T28: 0.2 | U28: 3.7 | V28: 4.07 | W28: 10 | X28: 17.3 | Y28: 14.8 | Z28: 24.4 | AA28: 19.06 | AB28: 8.4 | AC28: 8 | AD28: 4 | AE28: =ROUND(All_PCC_a[[#This Row],[L (mm)]]*All_PCC_a[[#This Row],[W (mm)]],1) -> 67.2 | AF28: =All_PCC_a[[#This Row],[L (mm)]]&" x "&All_PCC_a[[#This Row],[W (mm)]] -> 8,4 x 8 | AG28: _8 x 8 | AH28: =IF(All_PCC_a[[#This Row],[Max Height (mm)]]<=9,"≤ "&ROUNDUP(AD28,0),"≤"&ROUNDUP(AD28,0)) -> ≤ 4 | AI28: -55 | AJ28: 155 | AK28: =All_PCC_a[[#This Row],[Min Temp (deg.C)]]&" to +"&All_PCC_a[[#This Row],[Max Temp (deg.C)]] -> -55 to +155 | AO28: - | AP28: =IFERROR(IF(L1Round>1,ROUND(L1Round,1),L1Round),"-") -> - | AQ28: - | AR28: - | AS28: https://industrial.panasonic.com/ww/products/pt/automotive-inductors/models/ETQP4M1R0KVK | AT28: https://industrial.panasonic.com/content/data/CC/pictures/lineup-LP.gif | AU28: =_xlfn.IMAGE(All_PCC_a[[#This Row],[Image URL]]) -> #NAME? | BC28: =IF(Z28<('[1]DCDC Ref'!$J$24/'[1]DCDC Ref'!$J$26)*'[1]DCDC Ref'!$J$28/100,0,1) -> 1 | BD28: =IF(BC28=1000000000,"",('All Data'!Q28-'[1]DCDC Ref'!$J$30)/'[1]DCDC Ref'!$J$30*100) -> 58.241758 | BE28: =ABS(BD28) -> 58.241758 | BH28: =IF(BG28<0,10000,BG28) -> 0 | BJ28: =IF(BC28=0,"",('All Data'!Z28-'[1]DCDC Ref'!$J$28*('[1]DCDC Ref'!$J$29/100))/'[1]DCDC Ref'!$J$28*('[1]DCDC Ref'!$J$29/100)*100) -> 118.75862 | BK28: =IF(BJ28<0,10000,BJ28) -> 118.75862 | BQ28: =IFERROR(BE28*$BP$6+BK28*$BP$7,"") -> 291802.58 | BR28: =IF(BQ28="","",RANK(BQ28,BQ$11:BQ$9930,1)+COUNTIF(BQ$11:BQ28,BQ28)-1) -> 22 | BS28: =RANK(BR28,BR$11:BR$9930,1) -> 22 | BT28: =IFERROR(INDEX($O$11:$O$1013,MATCH(ROWS($BS$11:BS28),$BS$11:$BS$1005,0)),"") -> ETQPAMR33JFW | BU28: =IF(BT28<>"",BT28,"") -> ETQPAMR33JFW
A29: 92 | B29: 〇 | D29: OK | F29: MP | G29: Panasonic | H29: SMD | I29: Metal Composite | J29: PCC | K29: LP (Low Profile) | L29: 4M-KVC | M29: PCC-M1040M-LP | N29: Yes | O29: ETQP4M1R0KVC | P29: =MID(All_PCC_a[[#This Row],[Part Number]],7,3) -> 1R0 | Q29: 1 | R29: =IF(All_PCC_a[[#This Row],[Lo (uH)]]<1,"<1",IF(All_PCC_a[[#This Row],[Lo (uH)]]<10,"<10",IF(All_PCC_a[[#This Row],[Lo (uH)]]<100,"<100",IF(All_PCC_a[[#This Row],[Lo (uH)]]<2000,"<2000","")))) -> <10 | S29: =IFERROR(VLOOKUP(All_PCC_a[[#This Row],[Lo (uH)]],[1]Utility!$D$5:$E$43,2,1),"-") -> ≤ 1 | T29: 0.2 | U29: 2.6 | V29: 2.86 | W29: 10 | X29: 23.9 | Y29: 19.6 | Z29: 34.6 | AA29: 24 | AB29: 10.7 | AC29: 10 | AD29: 4 | AE29: =ROUND(All_PCC_a[[#This Row],[L (mm)]]*All_PCC_a[[#This Row],[W (mm)]],1) -> 107 | AF29: =All_PCC_a[[#This Row],[L (mm)]]&" x "&All_PCC_a[[#This Row],[W (mm)]] -> 10,7 x 10 | AG29: 10 x 10 | AH29: =IF(All_PCC_a[[#This Row],[Max Height (mm)]]<=9,"≤ "&ROUNDUP(AD29,0),"≤"&ROUNDUP(AD29,0)) -> ≤ 4 | AI29: -55 | AJ29: 155 | AK29: =All_PCC_a[[#This Row],[Min Temp (deg.C)]]&" to +"&All_PCC_a[[#This Row],[Max Temp (deg.C)]] -> -55 to +155 | AO29: - | AP29: =IFERROR(IF(L1Round>1,ROUND(L1Round,1),L1Round),"-") -> - | AQ29: - | AR29: - | AS29: https://industrial.panasonic.com/ww/products/pt/automotive-inductors/models/ETQP4M1R0KVC | AT29: https://industrial.panasonic.com/content/data/CC/pictures/lineup-LP.gif | AU29: =_xlfn.IMAGE(All_PCC_a[[#This Row],[Image URL]]) -> #NAME? | AZ29: =IF(AY29=1,COUNTIF($AY$11:AY29,1),"") | BC29: =IF(Z29<('[1]DCDC Ref'!$J$24/'[1]DCDC Ref'!$J$26)*'[1]DCDC Ref'!$J$28/100,0,1) -> 1 | BD29: =IF(BC29=1000000000,"",('All Data'!Q29-'[1]DCDC Ref'!$J$30)/'[1]DCDC Ref'!$J$30*100) -> 58.241758 | BE29: =ABS(BD29) -> 58.241758 | BH29: =IF(BG29<0,10000,BG29) -> 0 | BJ29: =IF(BC29=0,"",('All Data'!Z29-'[1]DCDC Ref'!$J$28*('[1]DCDC Ref'!$J$29/100))/'[1]DCDC Ref'!$J$28*('[1]DCDC Ref'!$J$29/100)*100) -> 210.2069 | BK29: =IF(BJ29<0,10000,BJ29) -> 210.2069 | BQ29: =IFERROR(BE29*$BP$6+BK29*$BP$7,"") -> 292259.83 | BR29: =IF(BQ29="","",RANK(BQ29,BQ$11:BQ$9930,1)+COUNTIF(BQ$11:BQ29,BQ29)-1) -> 23 | BS29: =RANK(BR29,BR$11:BR$9930,1) -> 23 | BT29: =IFERROR(INDEX($O$11:$O$1013,MATCH(ROWS($BS$11:BS29),$BS$11:$BS$1005,0)),"") -> ETQP3M1R0KVP | BU29: =IF(BT29<>"",BT29,"") -> ETQP3M1R0KVP
A30: 13 | B30: 〇 | D30: OK | F30: MP | G30: Panasonic | H30: SMD | I30: Metal Composite | J30: PCC | K30: High Isat (Standard) | L30: 5M-YFC | M30: PCC-M1054M | N30: Yes | O30: ETQP5M1R5YFC | P30: =MID(All_PCC_a[[#This Row],[Part Number]],7,3) -> 1R5 | Q30: 1.5 | R30: =IF(All_PCC_a[[#This Row],[Lo (uH)]]<1,"<1",IF(All_PCC_a[[#This Row],[Lo (uH)]]<10,"<10",IF(All_PCC_a[[#This Row],[Lo (uH)]]<100,"<100",IF(All_PCC_a[[#This Row],[Lo (uH)]]<2000,"<2000","")))) -> <10 | S30: =IFERROR(VLOOKUP(All_PCC_a[[#This Row],[Lo (uH)]],[1]Utility!$D$5:$E$43,2,1),"-") -> ≤ 2 | T30: 0.2 | U30: 3.8 | V30: 4.18 | W30: 10 | X30: 21.4 | Y30: 17.9 | Z30: 35.1 | AA30: 25.52 | AB30: 10.7 | AC30: 10 | AD30: 5.4 | AE30: =ROUND(All_PCC_a[[#This Row],[L (mm)]]*All_PCC_a[[#This Row],[W (mm)]],1) -> 107 | AF30: =All_PCC_a[[#This Row],[L (mm)]]&" x "&All_PCC_a[[#This Row],[W (mm)]] -> 10,7 x 10 | AG30: 10 x 10 | AH30: =IF(All_PCC_a[[#This Row],[Max Height (mm)]]<=9,"≤ "&ROUNDUP(AD30,0),"≤"&ROUNDUP(AD30,0)) -> ≤ 6 | AI30: -40 | AJ30: 150 | AK30: =All_PCC_a[[#This Row],[Min Temp (deg.C)]]&" to +"&All_PCC_a[[#This Row],[Max Temp (deg.C)]] -> -40 to +150 | AO30: - | AP30: =IFERROR(IF(L1Round>1,ROUND(L1Round,1),L1Round),"-") -> - | AQ30: - | AR30: - | AS30: https://industrial.panasonic.com/ww/products/pt/automotive-inductors/models/ETQP5M1R5YFC | AT30: https://industrial.panasonic.com/content/data/CC/pictures/lineup-Metal-core.gif | AU30: =_xlfn.IMAGE(All_PCC_a[[#This Row],[Image URL]]) -> #NAME? | AZ30: =IF(AY30=1,COUNTIF($AY$11:AY30,1),"") | BC30: =IF(Z30<('[1]DCDC Ref'!$J$24/'[1]DCDC Ref'!$J$26)*'[1]DCDC Ref'!$J$28/100,0,1) -> 1 | BD30: =IF(BC30=1000000000,"",('All Data'!Q30-'[1]DCDC Ref'!$J$30)/'[1]DCDC Ref'!$J$30*100) -> 137.36264 | BE30: =ABS(BD30) -> 137.36264 | BH30: =IF(BG30<0,10000,BG30) -> 0 | BJ30: =IF(BC30=0,"",('All Data'!Z30-'[1]DCDC Ref'!$J$28*('[1]DCDC Ref'!$J$29/100))/'[1]DCDC Ref'!$J$28*('[1]DCDC Ref'!$J$29/100)*100) -> 214.68966 | BK30: =IF(BJ30<0,10000,BJ30) -> 214.68966 | BQ30: =IFERROR(BE30*$BP$6+BK30*$BP$7,"") -> 687886.64 | BR30: =IF(BQ30="","",RANK(BQ30,BQ$11:BQ$9930,1)+COUNTIF(BQ$11:BQ30,BQ30)-1) -> 37 | BS30: =RANK(BR30,BR$11:BR$9930,1) -> 37 | BT30: =IFERROR(INDEX($O$11:$O$1013,MATCH(ROWS($BS$11:BS30),$BS$11:$BS$1005,0)),"") -> ETQP3M1R0KVN | BU30: =IF(BT30<>"",BT30,"") -> ETQP3M1R0KVN
A31: 41 | B31: 〇 | D31: OK | F31: MP | G31: Panasonic | H31: SMD | I31: Metal Composite | J31: PCC | K31: High Isat (Standard) | L31: 6M-YLC | M31: PCC-M1060ML | N31: Yes | O31: ETQP6M1R5YLC | P31: =MID(All_PCC_a[[#This Row],[Part Number]],7,3) -> 1R5 | Q31: 1.5 | R31: =IF(All_PCC_a[[#This Row],[Lo (uH)]]<1,"<1",IF(All_PCC_a[[#This Row],[Lo (uH)]]<10,"<10",IF(All_PCC_a[[#This Row],[Lo (uH)]]<100,"<100",IF(All_PCC_a[[#This Row],[Lo (uH)]]<2000,"<2000","")))) -> <10 | S31: =IFERROR(VLOOKUP(All_PCC_a[[#This Row],[Lo (uH)]],[1]Utility!$D$5:$E$43,2,1),"-") -> ≤ 2 | T31: 0.2 | U31: 3.2 | V31: 3.52 | W31: 10 | X31: 23.3 | Y31: 19.5 | Z31: 32 | AA31: 22.19 | AB31: 10.9 | AC31: 10 | AD31: 6 | AE31: =ROUND(All_PCC_a[[#This Row],[L (mm)]]*All_PCC_a[[#This Row],[W (mm)]],1) -> 109 | AF31: =All_PCC_a[[#This Row],[L (mm)]]&" x "&All_PCC_a[[#This Row],[W (mm)]] -> 10,9 x 10 | AG31: 10 x 10 | AH31: =IF(All_PCC_a[[#This Row],[Max Height (mm)]]<=9,"≤ "&ROUNDUP(AD31,0),"≤"&ROUNDUP(AD31,0)) -> ≤ 6 | AI31: -40 | AJ31: 150 | AK31: =All_PCC_a[[#This Row],[Min Temp (deg.C)]]&" to +"&All_PCC_a[[#This Row],[Max Temp (deg.C)]] -> -40 to +150 | AO31: - | AP31: =IFERROR(IF(L1Round>1,ROUND(L1Round,1),L1Round),"-") -> - | AQ31: - | AR31: - | AS31: https://industrial.panasonic.com/ww/products/pt/automotive-inductors/models/ETQP6M1R5YLC | AT31: https://industrial.panasonic.com/content/data/CC/pictures/lineup-Metal-core.gif | AU31: =_xlfn.IMAGE(All_PCC_a[[#This Row],[Image URL]]) -> #NAME? | BC31: =IF(Z31<('[1]DCDC Ref'!$J$24/'[1]DCDC Ref'!$J$26)*'[1]DCDC Ref'!$J$28/100,0,1) -> 1 | BD31: =IF(BC31=1000000000,"",('All Data'!Q31-'[1]DCDC Ref'!$J$30)/'[1]DCDC Ref'!$J$30*100) -> 137.36264 | BE31: =ABS(BD31) -> 137.36264 | BH31: =IF(BG31<0,10000,BG31) -> 0 | BJ31: =IF(BC31=0,"",('All Data'!Z31-'[1]DCDC Ref'!$J$28*('[1]DCDC Ref'!$J$29/100))/'[1]DCDC Ref'!$J$28*('[1]DCDC Ref'!$J$29/100)*100) -> 186.89655 | BK31: =IF(BJ31<0,10000,BJ31) -> 186.89655 | BQ31: =IFERROR(BE31*$BP$6+BK31*$BP$7,"") -> 687747.67 | BR31: =IF(BQ31="","",RANK(BQ31,BQ$11:BQ$9930,1)+COUNTIF(BQ$11:BQ31,BQ31)-1) -> 36 | BS31: =RANK(BR31,BR$11:BR$9930,1) -> 36 | BT31: =IFERROR(INDEX($O$11:$O$1013,MATCH(ROWS($BS$11:BS31),$BS$11:$BS$1005,0)),"") -> ETQP3M1R0YFN | BU31: =IF(BT31<>"",BT31,"") -> ETQP3M1R0YFN
A32: 48 | B32: 〇 | D32: OK | F32: MP | G32: Panasonic | H32: SMD | I32: Metal Composite | J32: PCC | K32: High Current (≥□12) | L32: 8M-JFA | M32: PCC-M1280MF | N32: Yes | O32: ETQP8M1R5JFA | P32: =MID(All_PCC_a[[#This Row],[Part Number]],7,3) -> 1R5 | Q32: 1.5 | R32: =IF(All_PCC_a[[#This Row],[Lo (uH)]]<1,"<1",IF(All_PCC_a[[#This Row],[Lo (uH)]]<10,"<10",IF(All_PCC_a[[#This Row],[Lo (uH)]]<100,"<100",IF(All_PCC_a[[#This Row],[Lo (uH)]]<2000,"<2000","")))) -> <10 | S32: =IFERROR(VLOOKUP(All_PCC_a[[#This Row],[Lo (uH)]],[1]Utility!$D$5:$E$43,2,1),"-") -> ≤ 2 | T32: 0.2 | U32: 1.8 | V32: 1.98 | W32: 10 | X32: 33.3 | Y32: 27.7 | Z32: 29.9 | AA32: 21.51 | AB32: 12.6 | AC32: 13.2 | AD32: 8 | AE32: =ROUND(All_PCC_a[[#This Row],[L (mm)]]*All_PCC_a[[#This Row],[W (mm)]],1) -> 166.3 | AF32: =All_PCC_a[[#This Row],[L (mm)]]&" x "&All_PCC_a[[#This Row],[W (mm)]] -> 12,6 x 13,2 | AG32: 12 x 12 | AH32: =IF(All_PCC_a[[#This Row],[Max Height (mm)]]<=9,"≤ "&ROUNDUP(AD32,0),"≤"&ROUNDUP(AD32,0)) -> ≤ 8 | AI32: -40 | AJ32: 160 | AK32: =All_PCC_a[[#This Row],[Min Temp (deg.C)]]&" to +"&All_PCC_a[[#This Row],[Max Temp (deg.C)]] -> -40 to +160 | AN32: 15Gと聞いたがカタログは30G | AO32: - | AP32: =IFERROR(IF(L1Round>1,ROUND(L1Round,1),L1Round),"-") -> - | AQ32: - | AR32: - | AS32: https://industrial.panasonic.com/ww/products/pt/automotive-inductors/models/ETQP8M1R5JFA | AT32: https://industrial.panasonic.com/content/data/CC/pictures/lineup-Large%20current.gif | AU32: =_xlfn.IMAGE(All_PCC_a[[#This Row],[Image URL]]) -> #NAME? | BC32: =IF(Z32<('[1]DCDC Ref'!$J$24/'[1]DCDC Ref'!$J$26)*'[1]DCDC Ref'!$J$28/100,0,1) -> 1 | BD32: =IF(BC32=1000000000,"",('All Data'!Q32-'[1]DCDC Ref'!$J$30)/'[1]DCDC Ref'!$J$30*100) -> 137.36264 | BE32: =ABS(BD32) -> 137.36264 | BH32: =IF(BG32<0,10000,BG32) -> 0 | BJ32: =IF(BC32=0,"",('All Data'!Z32-'[1]DCDC Ref'!$J$28*('[1]DCDC Ref'!$J$29/100))/'[1]DCDC Ref'!$J$28*('[1]DCDC Ref'!$J$29/100)*100) -> 168.06897 | BK32: =IF(BJ32<0,10000,BJ32) -> 168.06897 | BQ32: =IFERROR(BE32*$BP$6+BK32*$BP$7,"") -> 687653.53 | BR32: =IF(BQ32="","",RANK(BQ32,BQ$11:BQ$9930,1)+COUNTIF(BQ$11:BQ32,BQ32)-1) -> 35 | BS32: =RANK(BR32,BR$11:BR$9930,1) -> 35 | BT32: =IFERROR(INDEX($O$11:$O$1013,MATCH(ROWS($BS$11:BS32),$BS$11:$BS$1005,0)),"") -> ETQP4M1R0KVK | BU32: =IF(BT32<>"",BT32,"") -> ETQP4M1R0KVK
A33: 57 | B33: 〇 | D33: OK | F33: MP | G33: Panasonic | H33: SMD | I33: Metal Composite | J33: PCC | K33: LP (Low Profile) | L33: 3M-KVP | M33: PCC-M0530M-LP | N33: Yes | O33: ETQP3M1R5KVP | P33: =MID(All_PCC_a[[#This Row],[Part Number]],7,3) -> 1R5 | Q33: 1.5 | R33: =IF(All_PCC_a[[#This Row],[Lo (uH)]]<1,"<1",IF(All_PCC_a[[#This Row],[Lo (uH)]]<10,"<10",IF(All_PCC_a[[#This Row],[Lo (uH)]]<100,"<100",IF(All_PCC_a[[#This Row],[Lo (uH)]]<2000,"<2000","")))) -> <10 | S33: =IFERROR(VLOOKUP(All_PCC_a[[#This Row],[Lo (uH)]],[1]Utility!$D$5:$E$43,2,1),"-") -> ≤ 2 | T33: 0.2 | U33: 12 | V33: 13.2 | W33: 10 | X33: 8.1 | Y33: 6.7 | Z33: 12 | AA33: 9.61 | AB33: 5.5 | AC33: 5 | AD33: 3 | AE33: =ROUND(All_PCC_a[[#This Row],[L (mm)]]*All_PCC_a[[#This Row],[W (mm)]],1) -> 27.5 | AF33: =All_PCC_a[[#This Row],[L (mm)]]&" x "&All_PCC_a[[#This Row],[W (mm)]] -> 5,5 x 5 | AG33: _5 x 5 | AH33: =IF(All_PCC_a[[#This Row],[Max Height (mm)]]<=9,"≤ "&ROUNDUP(AD33,0),"≤"&ROUNDUP(AD33,0)) -> ≤ 3 | AI33: -55 | AJ33: 155 | AK33: =All_PCC_a[[#This Row],[Min Temp (deg.C)]]&" to +"&All_PCC_a[[#This Row],[Max Temp (deg.C)]] -> -55 to +155 | AO33: - | AP33: =IFERROR(IF(L1Round>1,ROUND(L1Round,1),L1Round),"-") -> - | AQ33: - | AR33: - | AS33: https://industrial.panasonic.com/ww/products/pt/automotive-inductors/models/ETQP3M1R5KVP | AT33: https://industrial.panasonic.com/content/data/CC/pictures/lineup-LP.gif | AU33: =_xlfn.IMAGE(All_PCC_a[[#This Row],[Image URL]]) -> #NAME? | AZ33: =IF(AY33=1,COUNTIF($AY$11:AY33,1),"") | BC33: =IF(Z33<('[1]DCDC Ref'!$J$24/'[1]DCDC Ref'!$J$26)*'[1]DCDC Ref'!$J$28/100,0,1) -> 1 | BD33: =IF(BC33=1000000000,"",('All Data'!Q33-'[1]DCDC Ref'!$J$30)/'[1]DCDC Ref'!$J$30*100) -> 137.36264 | BE33: =ABS(BD33) -> 137.36264 | BH33: =IF(BG33<0,10000,BG33) -> 0 | BJ33: =IF(BC33=0,"",('All Data'!Z33-'[1]DCDC Ref'!$J$28*('[1]DCDC Ref'!$J$29/100))/'[1]DCDC Ref'!$J$28*('[1]DCDC Ref'!$J$29/100)*100) -> 7.5862069 | BK33: =IF(BJ33<0,10000,BJ33) -> 7.5862069 | BQ33: =IFERROR(BE33*$BP$6+BK33*$BP$7,"") -> 686851.12 | BR33: =IF(BQ33="","",RANK(BQ33,BQ$11:BQ$9930,1)+COUNTIF(BQ$11:BQ33,BQ33)-1) -> 30 | BS33: =RANK(BR33,BR$11:BR$9930,1) -> 30 | BT33: =IFERROR(INDEX($O$11:$O$1013,MATCH(ROWS($BS$11:BS33),$BS$11:$BS$1005,0)),"") -> ETQP4M1R0KVC | BU33: =IF(BT33<>"",BT33,"") -> ETQP4M1R0KVC
A34: 68 | B34: 〇 | D34: OK | F34: MP | G34: Panasonic | H34: SMD | I34: Metal Composite | J34: PCC | K34: LP (Low Profile) | L34: 3M-KVN | M34: PCC-M0630M-LP | N34: Yes | O34: ETQP3M1R5KVN | P34: =MID(All_PCC_a[[#This Row],[Part Number]],7,3) -> 1R5 | Q34: 1.5 | R34: =IF(All_PCC_a[[#This Row],[Lo (uH)]]<1,"<1",IF(All_PCC_a[[#This Row],[Lo (uH)]]<10,"<10",IF(All_PCC_a[[#This Row],[Lo (uH)]]<100,"<100",IF(All_PCC_a[[#This Row],[Lo (uH)]]<2000,"<2000","")))) -> <10 | S34: =IFERROR(VLOOKUP(All_PCC_a[[#This Row],[Lo (uH)]],[1]Utility!$D$5:$E$43,2,1),"-") -> ≤ 2 | T34: 0.2 | U34: 11 | V34: 12.1 | W34: 10 | X34: 9.1 | Y34: 7.4 | Z34: 14.2 | AA34: 10.37 | AB34: 6.4 | AC34: 6 | AD34: 3 | AE34: =ROUND(All_PCC_a[[#This Row],[L (mm)]]*All_PCC_a[[#This Row],[W (mm)]],1) -> 38.4 | AF34: =All_PCC_a[[#This Row],[L (mm)]]&" x "&All_PCC_a[[#This Row],[W (mm)]] -> 6,4 x 6 | AG34: _6 x 6 | AH34: =IF(All_PCC_a[[#This Row],[Max Height (mm)]]<=9,"≤ "&ROUNDUP(AD34,0),"≤"&ROUNDUP(AD34,0)) -> ≤ 3 | AI34: -55 | AJ34: 155 | AK34: =All_PCC_a[[#This Row],[Min Temp (deg.C)]]&" to +"&All_PCC_a[[#This Row],[Max Temp (deg.C)]] -> -55 to +155 | AO34: - | AP34: =IFERROR(IF(L1Round>1,ROUND(L1Round,1),L1Round),"-") -> - | AQ34: - | AR34: - | AS34: https://industrial.panasonic.com/ww/products/pt/automotive-inductors/models/ETQP3M1R5KVN | AT34: https://industrial.panasonic.com/content/data/CC/pictures/lineup-LP.gif | AU34: =_xlfn.IMAGE(All_PCC_a[[#This Row],[Image URL]]) -> #NAME? | AZ34: =IF(AY34=1,COUNTIF($AY$11:AY34,1),"") | BC34: =IF(Z34<('[1]DCDC Ref'!$J$24/'[1]DCDC Ref'!$J$26)*'[1]DCDC Ref'!$J$28/100,0,1) -> 1 | BD34: =IF(BC34=1000000000,"",('All Data'!Q34-'[1]DCDC Ref'!$J$30)/'[1]DCDC Ref'!$J$30*100) -> 137.36264 | BE34: =ABS(BD34) -> 137.36264 | BH34: =IF(BG34<0,10000,BG34) -> 0 | BJ34: =IF(BC34=0,"",('All Data'!Z34-'[1]DCDC Ref'!$J$28*('[1]DCDC Ref'!$J$29/100))/'[1]DCDC Ref'!$J$28*('[1]DCDC Ref'!$J$29/100)*100) -> 27.310345 | BK34: =IF(BJ34<0,10000,BJ34) -> 27.310345 | BQ34: =IFERROR(BE34*$BP$6+BK34*$BP$7,"") -> 686949.74 | BR34: =IF(BQ34="","",RANK(BQ34,BQ$11:BQ$9930,1)+COUNTIF(BQ$11:BQ34,BQ34)-1) -> 31 | BS34: =RANK(BR34,BR$11:BR$9930,1) -> 31 | BT34: =IFERROR(INDEX($O$11:$O$1013,MATCH(ROWS($BS$11:BS34),$BS$11:$BS$1005,0)),"") -> ETQP5M1R0YLC | BU34: =IF(BT34<>"",BT34,"") -> ETQP5M1R0YLC
A35: 79 | B35: 〇 | D35: OK | F35: MP | G35: Panasonic | H35: SMD | I35: Metal Composite | J35: PCC | K35: LP (Low Profile) | L35: 4M-KVK | M35: PCC-M0840M-LP | N35: Yes | O35: ETQP4M1R5KVK | P35: =MID(All_PCC_a[[#This Row],[Part Number]],7,3) -> 1R5 | Q35: 1.5 | R35: =IF(All_PCC_a[[#This Row],[Lo (uH)]]<1,"<1",IF(All_PCC_a[[#This Row],[Lo (uH)]]<10,"<10",IF(All_PCC_a[[#This Row],[Lo (uH)]]<100,"<100",IF(All_PCC_a[[#This Row],[Lo (uH)]]<2000,"<2000","")))) -> <10 | S35: =IFERROR(VLOOKUP(All_PCC_a[[#This Row],[Lo (uH)]],[1]Utility!$D$5:$E$43,2,1),"-") -> ≤ 2 | T35: 0.2 | U35: 4.9 | V35: 5.39 | W35: 10 | X35: 15.1 | Y35: 12.8 | Z35: 22.5 | AA35: 17.56 | AB35: 8.4 | AC35: 8 | AD35: 4 | AE35: =ROUND(All_PCC_a[[#This Row],[L (mm)]]*All_PCC_a[[#This Row],[W (mm)]],1) -> 67.2 | AF35: =All_PCC_a[[#This Row],[L (mm)]]&" x "&All_PCC_a[[#This Row],[W (mm)]] -> 8,4 x 8 | AG35: _8 x 8 | AH35: =IF(All_PCC_a[[#This Row],[Max Height (mm)]]<=9,"≤ "&ROUNDUP(AD35,0),"≤"&ROUNDUP(AD35,0)) -> ≤ 4 | AI35: -55 | AJ35: 155 | AK35: =All_PCC_a[[#This Row],[Min Temp (deg.C)]]&" to +"&All_PCC_a[[#This Row],[Max Temp (deg.C)]] -> -55 to +155 | AO35: - | AP35: =IFERROR(IF(L1Round>1,ROUND(L1Round,1),L1Round),"-") -> - | AQ35: - | AR35: - | AS35: https://industrial.panasonic.com/ww/products/pt/automotive-inductors/models/ETQP4M1R5KVK | AT35: https://industrial.panasonic.com/content/data/CC/pictures/lineup-LP.gif | AU35: =_xlfn.IMAGE(All_PCC_a[[#This Row],[Image URL]]) -> #NAME? | AZ35: =IF(AY35=1,COUNTIF($AY$11:AY35,1),"") | BC35: =IF(Z35<('[1]DCDC Ref'!$J$24/'[1]DCDC Ref'!$J$26)*'[1]DCDC Ref'!$J$28/100,0,1) -> 1 | BD35: =IF(BC35=1000000000,"",('All Data'!Q35-'[1]DCDC Ref'!$J$30)/'[1]DCDC Ref'!$J$30*100) -> 137.36264 | BE35: =ABS(BD35) -> 137.36264 | BH35: =IF(BG35<0,10000,BG35) -> 0 | BJ35: =IF(BC35=0,"",('All Data'!Z35-'[1]DCDC Ref'!$J$28*('[1]DCDC Ref'!$J$29/100))/'[1]DCDC Ref'!$J$28*('[1]DCDC Ref'!$J$29/100)*100) -> 101.72414 | BK35: =IF(BJ35<0,10000,BJ35) -> 101.72414 | BQ35: =IFERROR(BE35*$BP$6+BK35*$BP$7,"") -> 687321.81 | BR35: =IF(BQ35="","",RANK(BQ35,BQ$11:BQ$9930,1)+COUNTIF(BQ$11:BQ35,BQ35)-1) -> 33 | BS35: =RANK(BR35,BR$11:BR$9930,1) -> 33 | BT35: =IFERROR(INDEX($O$11:$O$1013,MATCH(ROWS($BS$11:BS35),$BS$11:$BS$1005,0)),"") -> ETQP8M1R0JFA | BU35: =IF(BT35<>"",BT35,"") -> ETQP8M1R0JFA
A36: 91 | B36: 〇 | D36: OK | F36: MP | G36: Panasonic | H36: SMD | I36: Metal Composite | J36: PCC | K36: LP (Low Profile) | L36: 4M-KVC | M36: PCC-M1040M-LP | N36: Yes | O36: ETQP4M1R5KVC | P36: =MID(All_PCC_a[[#This Row],[Part Number]],7,3) -> 1R5 | Q36: 1.5 | R36: =IF(All_PCC_a[[#This Row],[Lo (uH)]]<1,"<1",IF(All_PCC_a[[#This Row],[Lo (uH)]]<10,"<10",IF(All_PCC_a[[#This Row],[Lo (uH)]]<100,"<100",IF(All_PCC_a[[#This Row],[Lo (uH)]]<2000,"<2000","")))) -> <10 | S36: =IFERROR(VLOOKUP(All_PCC_a[[#This Row],[Lo (uH)]],[1]Utility!$D$5:$E$43,2,1),"-") -> ≤ 2 | T36: 0.2 | U36: 4.9 | V36: 5.39 | W36: 10 | X36: 17.4 | Y36: 14.3 | Z36: 25 | AA36: 19.36 | AB36: 10.7 | AC36: 10 | AD36: 4 | AE36: =ROUND(All_PCC_a[[#This Row],[L (mm)]]*All_PCC_a[[#This Row],[W (mm)]],1) -> 107 | AF36: =All_PCC_a[[#This Row],[L (mm)]]&" x "&All_PCC_a[[#This Row],[W (mm)]] -> 10,7 x 10 | AG36: 10 x 10 | AH36: =IF(All_PCC_a[[#This Row],[Max Height (mm)]]<=9,"≤ "&ROUNDUP(AD36,0),"≤"&ROUNDUP(AD36,0)) -> ≤ 4 | AI36: -55 | AJ36: 155 | AK36: =All_PCC_a[[#This Row],[Min Temp (deg.C)]]&" to +"&All_PCC_a[[#This Row],[Max Temp (deg.C)]] -> -55 to +155 | AO36: - | AP36: =IFERROR(IF(L1Round>1,ROUND(L1Round,1),L1Round),"-") -> - | AQ36: - | AR36: - | AS36: https://industrial.panasonic.com/ww/products/pt/automotive-inductors/models/ETQP4M1R5KVC | AT36: https://industrial.panasonic.com/content/data/CC/pictures/lineup-LP.gif | AU36: =_xlfn.IMAGE(All_PCC_a[[#This Row],[Image URL]]) -> #NAME? | BC36: =IF(Z36<('[1]DCDC Ref'!$J$24/'[1]DCDC Ref'!$J$26)*'[1]DCDC Ref'!$J$28/100,0,1) -> 1 | BD36: =IF(BC36=1000000000,"",('All Data'!Q36-'[1]DCDC Ref'!$J$30)/'[1]DCDC Ref'!$J$30*100) -> 137.36264 | BE36: =ABS(BD36) -> 137.36264 | BH36: =IF(BG36<0,10000,BG36) -> 0 | BJ36: =IF(BC36=0,"",('All Data'!Z36-'[1]DCDC Ref'!$J$28*('[1]DCDC Ref'!$J$29/100))/'[1]DCDC Ref'!$J$28*('[1]DCDC Ref'!$J$29/100)*100) -> 124.13793 | BK36: =IF(BJ36<0,10000,BJ36) -> 124.13793 | BQ36: =IFERROR(BE36*$BP$6+BK36*$BP$7,"") -> 687433.88 | BR36: =IF(BQ36="","",RANK(BQ36,BQ$11:BQ$9930,1)+COUNTIF(BQ$11:BQ36,BQ36)-1) -> 34 | BS36: =RANK(BR36,BR$11:BR$9930,1) -> 34 | BT36: =IFERROR(INDEX($O$11:$O$1013,MATCH(ROWS($BS$11:BS36),$BS$11:$BS$1005,0)),"") -> ETQPAM1R0JFW | BU36: =IF(BT36<>"",BT36,"") -> ETQPAM1R0JFW
A37: 113 | B37: 〇 | C37: 2021/11/12 カタログ追加。2021/3/23追加。 | D37: OK | F37: MP | G37: Panasonic | H37: SMD | I37: Metal Composite | J37: PCC | K37: High Anti-vibration | L37: 5M-YSC | M37: PCC-M1050MS | N37: Yes | O37: ETQP5M2R0YSC | P37: =MID(All_PCC_a[[#This Row],[Part Number]],7,3) -> 2R0 | Q37: 1.9 | R37: =IF(All_PCC_a[[#This Row],[Lo (uH)]]<1,"<1",IF(All_PCC_a[[#This Row],[Lo (uH)]]<10,"<10",IF(All_PCC_a[[#This Row],[Lo (uH)]]<100,"<100",IF(All_PCC_a[[#This Row],[Lo (uH)]]<2000,"<2000","")))) -> <10 | S37: =IFERROR(VLOOKUP(All_PCC_a[[#This Row],[Lo (uH)]],[1]Utility!$D$5:$E$43,2,1),"-") -> ≤ 2 | T37: 0.2 | U37: 4.45 | V37: 4.9 | W37: 10 | X37: 19.8 | Y37: 16.5 | Z37: 29.8 | AA37: 21 | AB37: 10.9 | AC37: 10 | AD37: 5 | AE37: =ROUND(All_PCC_a[[#This Row],[L (mm)]]*All_PCC_a[[#This Row],[W (mm)]],1) -> 109 | AF37: =All_PCC_a[[#This Row],[L (mm)]]&" x "&All_PCC_a[[#This Row],[W (mm)]] -> 10,9 x 10 | AG37: 10 x 10 | AH37: =IF(All_PCC_a[[#This Row],[Max Height (mm)]]<=9,"≤ "&ROUNDUP(AD37,0),"≤"&ROUNDUP(AD37,0)) -> ≤ 5 | AI37: -40 | AJ37: 150 | AK37: =All_PCC_a[[#This Row],[Min Temp (deg.C)]]&" to +"&All_PCC_a[[#This Row],[Max Temp (deg.C)]] -> -40 to +150 | AO37: - | AP37: =IFERROR(IF(L1Round>1,ROUND(L1Round,1),L1Round),"-") -> - | AQ37: - | AR37: - | AS37: https://industrial.panasonic.com/ww/products/pt/automotive-inductors/models/ETQP5M2R0YSC | AT37: https://industrial.panasonic.com/content/data/CC/pictures/lineup-Metal-core.gif | AU37: =_xlfn.IMAGE(All_PCC_a[[#This Row],[Image URL]]) -> #NAME? | AZ37: =IF(AY37=1,COUNTIF($AY$11:AY37,1),"") | BC37: =IF(Z37<('[1]DCDC Ref'!$J$24/'[1]DCDC Ref'!$J$26)*'[1]DCDC Ref'!$J$28/100,0,1) -> 1 | BD37: =IF(BC37=1000000000,"",('All Data'!Q37-'[1]DCDC Ref'!$J$30)/'[1]DCDC Ref'!$J$30*100) -> 200.65934 | BE37: =ABS(BD37) -> 200.65934 | BH37: =IF(BG37<0,10000,BG37) -> 0 | BJ37: =IF(BC37=0,"",('All Data'!Z37-'[1]DCDC Ref'!$J$28*('[1]DCDC Ref'!$J$29/100))/'[1]DCDC Ref'!$J$28*('[1]DCDC Ref'!$J$29/100)*100) -> 167.17241 | BK37: =IF(BJ37<0,10000,BJ37) -> 167.17241 | BQ37: =IFERROR(BE37*$BP$6+BK37*$BP$7,"") -> 1004132.6 | BR37: =IF(BQ37="","",RANK(BQ37,BQ$11:BQ$9930,1)+COUNTIF(BQ$11:BQ37,BQ37)-1) -> 39 | BS37: =RANK(BR37,BR$11:BR$9930,1) -> 39 | BT37: =IFERROR(INDEX($O$11:$O$1013,MATCH(ROWS($BS$11:BS37),$BS$11:$BS$1005,0)),"") -> ETQP5MR22CVM | BU37: =IF(BT37<>"",BT37,"") -> ETQP5MR22CVM
A38: 40 | B38: 〇 | D38: OK | F38: MP | G38: Panasonic | H38: SMD | I38: Metal Composite | J38: PCC | K38: High Isat (Standard) | L38: 5M-YLC | M38: PCC-M1050ML | N38: Yes | O38: ETQP5M2R0YLC | P38: =MID(All_PCC_a[[#This Row],[Part Number]],7,3) -> 2R0 | Q38: 2 | R38: =IF(All_PCC_a[[#This Row],[Lo (uH)]]<1,"<1",IF(All_PCC_a[[#This Row],[Lo (uH)]]<10,"<10",IF(All_PCC_a[[#This Row],[Lo (uH)]]<100,"<100",IF(All_PCC_a[[#This Row],[Lo (uH)]]<2000,"<2000","")))) -> <10 | S38: =IFERROR(VLOOKUP(All_PCC_a[[#This Row],[Lo (uH)]],[1]Utility!$D$5:$E$43,2,1),"-") -> ≤ 2 | T38: 0.2 | U38: 4.6 | V38: 5.06 | W38: 10 | X38: 19.4 | Y38: 16.2 | Z38: 31.3 | AA38: 22.17 | AB38: 10.9 | AC38: 10 | AD38: 5 | AE38: =ROUND(All_PCC_a[[#This Row],[L (mm)]]*All_PCC_a[[#This Row],[W (mm)]],1) -> 109 | AF38: =All_PCC_a[[#This Row],[L (mm)]]&" x "&All_PCC_a[[#This Row],[W (mm)]] -> 10,9 x 10 | AG38: 10 x 10 | AH38: =IF(All_PCC_a[[#This Row],[Max Height (mm)]]<=9,"≤ "&ROUNDUP(AD38,0),"≤"&ROUNDUP(AD38,0)) -> ≤ 5 | AI38: -40 | AJ38: 150 | AK38: =All_PCC_a[[#This Row],[Min Temp (deg.C)]]&" to +"&All_PCC_a[[#This Row],[Max Temp (deg.C)]] -> -40 to +150 | AO38: - | AP38: =IFERROR(IF(L1Round>1,ROUND(L1Round,1),L1Round),"-") -> - | AQ38: - | AR38: - | AS38: https://industrial.panasonic.com/ww/products/pt/automotive-inductors/models/ETQP5M2R0YLC | AT38: https://industrial.panasonic.com/content/data/CC/pictures/lineup-Metal-core.gif | AU38: =_xlfn.IMAGE(All_PCC_a[[#This Row],[Image URL]]) -> #NAME? | AZ38: =IF(AY38=1,COUNTIF($AY$11:AY38,1),"") | BC38: =IF(Z38<('[1]DCDC Ref'!$J$24/'[1]DCDC Ref'!$J$26)*'[1]DCDC Ref'!$J$28/100,0,1) -> 1 | BD38: =IF(BC38=1000000000,"",('All Data'!Q38-'[1]DCDC Ref'!$J$30)/'[1]DCDC Ref'!$J$30*100) -> 216.48352 | BE38: =ABS(BD38) -> 216.48352 | BH38: =IF(BG38<0,10000,BG38) -> 0 | BJ38: =IF(BC38=0,"",('All Data'!Z38-'[1]DCDC Ref'!$J$28*('[1]DCDC Ref'!$J$29/100))/'[1]DCDC Ref'!$J$28*('[1]DCDC Ref'!$J$29/100)*100) -> 180.62069 | BK38: =IF(BJ38<0,10000,BJ38) -> 180.62069 | BQ38: =IFERROR(BE38*$BP$6+BK38*$BP$7,"") -> 1083320.7 | BR38: =IF(BQ38="","",RANK(BQ38,BQ$11:BQ$9930,1)+COUNTIF(BQ$11:BQ38,BQ38)-1) -> 40 | BS38: =RANK(BR38,BR$11:BR$9930,1) -> 40 | BT38: =IFERROR(INDEX($O$11:$O$1013,MATCH(ROWS($BS$11:BS38),$BS$11:$BS$1005,0)),"") -> ETQP3MR10KVP | BU38: =IF(BT38<>"",BT38,"") -> ETQP3MR10KVP
A39: 9 | B39: 〇 | D39: OK | F39: MP | G39: Panasonic | H39: SMD | I39: Metal Composite | J39: PCC | K39: High Isat (Standard) | L39: 3M-YFP | M39: PCC-M0530M | N39: Yes | O39: ETQP3M2R2YFP | P39: =MID(All_PCC_a[[#This Row],[Part Number]],7,3) -> 2R2 | Q39: 2.2 | R39: =IF(All_PCC_a[[#This Row],[Lo (uH)]]<1,"<1",IF(All_PCC_a[[#This Row],[Lo (uH)]]<10,"<10",IF(All_PCC_a[[#This Row],[Lo (uH)]]<100,"<100",IF(All_PCC_a[[#This Row],[Lo (uH)]]<2000,"<2000","")))) -> <10 | S39: =IFERROR(VLOOKUP(All_PCC_a[[#This Row],[Lo (uH)]],[1]Utility!$D$5:$E$43,2,1),"-") -> ≤ 3 | T39: 0.2 | U39: 22.6 | V39: 24.8 | W39: 10 | X39: 5.8 | Y39: 4.8 | Z39: 10.9 | AA39: =ROUND(7.95610619469026,2) -> 7.96 | AB39: 5.5 | AC39: 5 | AD39: 3 | AE39: =ROUND(All_PCC_a[[#This Row],[L (mm)]]*All_PCC_a[[#This Row],[W (mm)]],1) -> 27.5 | AF39: =All_PCC_a[[#This Row],[L (mm)]]&" x "&All_PCC_a[[#This Row],[W (mm)]] -> 5,5 x 5 | AG39: _5 x 5 | AH39: =IF(All_PCC_a[[#This Row],[Max Height (mm)]]<=9,"≤ "&ROUNDUP(AD39,0),"≤"&ROUNDUP(AD39,0)) -> ≤ 3 | AI39: -40 | AJ39: 150 | AK39: =All_PCC_a[[#This Row],[Min Temp (deg.C)]]&" to +"&All_PCC_a[[#This Row],[Max Temp (deg.C)]] -> -40 to +150 | AO39: - | AP39: =IFERROR(IF(L1Round>1,ROUND(L1Round,1),L1Round),"-") -> - | AQ39: - | AR39: - | AS39: https://industrial.panasonic.com/ww/products/pt/automotive-inductors/models/ETQP3M2R2YFP | AT39: https://industrial.panasonic.com/content/data/CC/pictures/lineup-Metal-core.gif | AU39: =_xlfn.IMAGE(All_PCC_a[[#This Row],[Image URL]]) -> #NAME? | AZ39: =IF(AY39=1,COUNTIF($AY$11:AY39,1),"") | BC39: =IF(Z39<('[1]DCDC Ref'!$J$24/'[1]DCDC Ref'!$J$26)*'[1]DCDC Ref'!$J$28/100,0,1) -> 1 | BD39: =IF(BC39=1000000000,"",('All Data'!Q39-'[1]DCDC Ref'!$J$30)/'[1]DCDC Ref'!$J$30*100) -> 248.13187 | BE39: =ABS(BD39) -> 248.13187 | BH39: =IF(BG39<0,10000,BG39) -> 0 | BJ39: =IF(BC39=0,"",('All Data'!Z39-'[1]DCDC Ref'!$J$28*('[1]DCDC Ref'!$J$29/100))/'[1]DCDC Ref'!$J$28*('[1]DCDC Ref'!$J$29/100)*100) -> -2.2758621 | BK39: =IF(BJ39<0,10000,BJ39) -> 10000 | BQ39: =IFERROR(BE39*$BP$6+BK39*$BP$7,"") -> 1290659.3 | BR39: =IF(BQ39="","",RANK(BQ39,BQ$11:BQ$9930,1)+COUNTIF(BQ$11:BQ39,BQ39)-1) -> 46 | BS39: =RANK(BR39,BR$11:BR$9930,1) -> 46 | BT39: =IFERROR(INDEX($O$11:$O$1013,MATCH(ROWS($BS$11:BS39),$BS$11:$BS$1005,0)),"") -> ETQP4M1R2KFM | BU39: =IF(BT39<>"",BT39,"") -> ETQP4M1R2KFM
A40: 56 | B40: 〇 | D40: OK | F40: MP | G40: Panasonic | H40: SMD | I40: Metal Composite | J40: PCC | K40: LP (Low Profile) | L40: 3M-KVP | M40: PCC-M0530M-LP | N40: Yes | O40: ETQP3M2R2KVP | P40: =MID(All_PCC_a[[#This Row],[Part Number]],7,3) -> 2R2 | Q40: 2.2 | R40: =IF(All_PCC_a[[#This Row],[Lo (uH)]]<1,"<1",IF(All_PCC_a[[#This Row],[Lo (uH)]]<10,"<10",IF(All_PCC_a[[#This Row],[Lo (uH)]]<100,"<100",IF(All_PCC_a[[#This Row],[Lo (uH)]]<2000,"<2000","")))) -> <10 | S40: =IFERROR(VLOOKUP(All_PCC_a[[#This Row],[Lo (uH)]],[1]Utility!$D$5:$E$43,2,1),"-") -> ≤ 3 | T40: 0.2 | U40: 20 | V40: 22 | W40: 10 | X40: 6.3 | Y40: 5.2 | Z40: 10.1 | AA40: 7.38 | AB40: 5.5 | AC40: 5 | AD40: 3 | AE40: =ROUND(All_PCC_a[[#This Row],[L (mm)]]*All_PCC_a[[#This Row],[W (mm)]],1) -> 27.5 | AF40: =All_PCC_a[[#This Row],[L (mm)]]&" x "&All_PCC_a[[#This Row],[W (mm)]] -> 5,5 x 5 | AG40: _5 x 5 | AH40: =IF(All_PCC_a[[#This Row],[Max Height (mm)]]<=9,"≤ "&ROUNDUP(AD40,0),"≤"&ROUNDUP(AD40,0)) -> ≤ 3 | AI40: -55 | AJ40: 155 | AK40: =All_PCC_a[[#This Row],[Min Temp (deg.C)]]&" to +"&All_PCC_a[[#This Row],[Max Temp (deg.C)]] -> -55 to +155 | AO40: - | AP40: =IFERROR(IF(L1Round>1,ROUND(L1Round,1),L1Round),"-") -> - | AQ40: - | AR40: - | AS40: https://industrial.panasonic.com/ww/products/pt/automotive-inductors/models/ETQP3M2R2KVP | AT40: https://industrial.panasonic.com/content/data/CC/pictures/lineup-LP.gif | AU40: =_xlfn.IMAGE(All_PCC_a[[#This Row],[Image URL]]) -> #NAME? | BC40: =IF(Z40<('[1]DCDC Ref'!$J$24/'[1]DCDC Ref'!$J$26)*'[1]DCDC Ref'!$J$28/100,0,1) -> 1 | BD40: =IF(BC40=1000000000,"",('All Data'!Q40-'[1]DCDC Ref'!$J$30)/'[1]DCDC Ref'!$J$30*100) -> 248.13187 | BE40: =ABS(BD40) -> 248.13187 | BH40: =IF(BG40<0,10000,BG40) -> 0 | BJ40: =IF(BC40=0,"",('All Data'!Z40-'[1]DCDC Ref'!$J$28*('[1]DCDC Ref'!$J$29/100))/'[1]DCDC Ref'!$J$28*('[1]DCDC Ref'!$J$29/100)*100) -> -9.4482759 | BK40: =IF(BJ40<0,10000,BJ40) -> 10000 | BQ40: =IFERROR(BE40*$BP$6+BK40*$BP$7,"") -> 1290659.3 | BR40: =IF(BQ40="","",RANK(BQ40,BQ$11:BQ$9930,1)+COUNTIF(BQ$11:BQ40,BQ40)-1) -> 47 | BS40: =RANK(BR40,BR$11:BR$9930,1) -> 47 | BT40: =IFERROR(INDEX($O$11:$O$1013,MATCH(ROWS($BS$11:BS40),$BS$11:$BS$1005,0)),"") -> ETQP3M1R5KVP | BU40: =IF(BT40<>"",BT40,"") -> ETQP3M1R5KVP
A41: 67 | B41: 〇 | D41: OK | F41: MP | G41: Panasonic | H41: SMD | I41: Metal Composite | J41: PCC | K41: LP (Low Profile) | L41: 3M-KVN | M41: PCC-M0630M-LP | N41: Yes | O41: ETQP3M2R2KVN | P41: =MID(All_PCC_a[[#This Row],[Part Number]],7,3) -> 2R2 | Q41: 2.2 | R41: =IF(All_PCC_a[[#This Row],[Lo (uH)]]<1,"<1",IF(All_PCC_a[[#This Row],[Lo (uH)]]<10,"<10",IF(All_PCC_a[[#This Row],[Lo (uH)]]<100,"<100",IF(All_PCC_a[[#This Row],[Lo (uH)]]<2000,"<2000","")))) -> <10 | S41: =IFERROR(VLOOKUP(All_PCC_a[[#This Row],[Lo (uH)]],[1]Utility!$D$5:$E$43,2,1),"-") -> ≤ 3 | T41: 0.2 | U41: 14.5 | V41: 15.95 | W41: 10 | X41: 7.9 | Y41: 6.5 | Z41: 12.8 | AA41: 8.9 | AB41: 6.4 | AC41: 6 | AD41: 3 | AE41: =ROUND(All_PCC_a[[#This Row],[L (mm)]]*All_PCC_a[[#This Row],[W (mm)]],1) -> 38.4 | AF41: =All_PCC_a[[#This Row],[L (mm)]]&" x "&All_PCC_a[[#This Row],[W (mm)]] -> 6,4 x 6 | AG41: _6 x 6 | AH41: =IF(All_PCC_a[[#This Row],[Max Height (mm)]]<=9,"≤ "&ROUNDUP(AD41,0),"≤"&ROUNDUP(AD41,0)) -> ≤ 3 | AI41: -55 | AJ41: 155 | AK41: =All_PCC_a[[#This Row],[Min Temp (deg.C)]]&" to +"&All_PCC_a[[#This Row],[Max Temp (deg.C)]] -> -55 to +155 | AO41: - | AP41: =IFERROR(IF(L1Round>1,ROUND(L1Round,1),L1Round),"-") -> - | AQ41: - | AR41: - | AS41: https://industrial.panasonic.com/ww/products/pt/automotive-inductors/models/ETQP3M2R2KVN | AT41: https://industrial.panasonic.com/content/data/CC/pictures/lineup-LP.gif | AU41: =_xlfn.IMAGE(All_PCC_a[[#This Row],[Image URL]]) -> #NAME? | AZ41: =IF(AY41=1,COUNTIF($AY$11:AY41,1),"") | BC41: =IF(Z41<('[1]DCDC Ref'!$J$24/'[1]DCDC Ref'!$J$26)*'[1]DCDC Ref'!$J$28/100,0,1) -> 1 | BD41: =IF(BC41=1000000000,"",('All Data'!Q41-'[1]DCDC Ref'!$J$30)/'[1]DCDC Ref'!$J$30*100) -> 248.13187 | BE41: =ABS(BD41) -> 248.13187 | BH41: =IF(BG41<0,10000,BG41) -> 0 | BJ41: =IF(BC41=0,"",('All Data'!Z41-'[1]DCDC Ref'!$J$28*('[1]DCDC Ref'!$J$29/100))/'[1]DCDC Ref'!$J$28*('[1]DCDC Ref'!$J$29/100)*100) -> 14.758621 | BK41: =IF(BJ41<0,10000,BJ41) -> 14.758621 | BQ41: =IFERROR(BE41*$BP$6+BK41*$BP$7,"") -> 1240733.1 | BR41: =IF(BQ41="","",RANK(BQ41,BQ$11:BQ$9930,1)+COUNTIF(BQ$11:BQ41,BQ41)-1) -> 41 | BS41: =RANK(BR41,BR$11:BR$9930,1) -> 41 | BT41: =IFERROR(INDEX($O$11:$O$1013,MATCH(ROWS($BS$11:BS41),$BS$11:$BS$1005,0)),"") -> ETQP3M1R5KVN | BU41: =IF(BT41<>"",BT41,"") -> ETQP3M1R5KVN
A42: 78 | B42: 〇 | D42: OK | F42: MP | G42: Panasonic | H42: SMD | I42: Metal Composite | J42: PCC | K42: LP (Low Profile) | L42: 4M-KVK | M42: PCC-M0840M-LP | N42: Yes | O42: ETQP4M2R2KVK | P42: =MID(All_PCC_a[[#This Row],[Part Number]],7,3) -> 2R2 | Q42: 2.2 | R42: =IF(All_PCC_a[[#This Row],[Lo (uH)]]<1,"<1",IF(All_PCC_a[[#This Row],[Lo (uH)]]<10,"<10",IF(All_PCC_a[[#This Row],[Lo (uH)]]<100,"<100",IF(All_PCC_a[[#This Row],[Lo (uH)]]<2000,"<2000","")))) -> <10 | S42: =IFERROR(VLOOKUP(All_PCC_a[[#This Row],[Lo (uH)]],[1]Utility!$D$5:$E$43,2,1),"-") -> ≤ 3 | T42: 0.2 | U42: 8.5 | V42: 9.35 | W42: 10 | X42: 11.4 | Y42: 9.8 | Z42: 20.4 | AA42: 15.16 | AB42: 8.4 | AC42: 8 | AD42: 4 | AE42: =ROUND(All_PCC_a[[#This Row],[L (mm)]]*All_PCC_a[[#This Row],[W (mm)]],1) -> 67.2 | AF42: =All_PCC_a[[#This Row],[L (mm)]]&" x "&All_PCC_a[[#This Row],[W (mm)]] -> 8,4 x 8 | AG42: _8 x 8 | AH42: =IF(All_PCC_a[[#This Row],[Max Height (mm)]]<=9,"≤ "&ROUNDUP(AD42,0),"≤"&ROUNDUP(AD42,0)) -> ≤ 4 | AI42: -55 | AJ42: 155 | AK42: =All_PCC_a[[#This Row],[Min Temp (deg.C)]]&" to +"&All_PCC_a[[#This Row],[Max Temp (deg.C)]] -> -55 to +155 | AO42: - | AP42: =IFERROR(IF(L1Round>1,ROUND(L1Round,1),L1Round),"-") -> - | AQ42: - | AR42: - | AS42: https://industrial.panasonic.com/ww/products/pt/automotive-inductors/models/ETQP4M2R2KVK | AT42: https://industrial.panasonic.com/content/data/CC/pictures/lineup-LP.gif | AU42: =_xlfn.IMAGE(All_PCC_a[[#This Row],[Image URL]]) -> #NAME? | AZ42: =IF(AY42=1,COUNTIF($AY$11:AY42,1),"") | BC42: =IF(Z42<('[1]DCDC Ref'!$J$24/'[1]DCDC Ref'!$J$26)*'[1]DCDC Ref'!$J$28/100,0,1) -> 1 | BD42: =IF(BC42=1000000000,"",('All Data'!Q42-'[1]DCDC Ref'!$J$30)/'[1]DCDC Ref'!$J$30*100) -> 248.13187 | BE42: =ABS(BD42) -> 248.13187 | BH42: =IF(BG42<0,10000,BG42) -> 0 | BJ42: =IF(BC42=0,"",('All Data'!Z42-'[1]DCDC Ref'!$J$28*('[1]DCDC Ref'!$J$29/100))/'[1]DCDC Ref'!$J$28*('[1]DCDC Ref'!$J$29/100)*100) -> 82.896552 | BK42: =IF(BJ42<0,10000,BJ42) -> 82.896552 | BQ42: =IFERROR(BE42*$BP$6+BK42*$BP$7,"") -> 1241073.8 | BR42: =IF(BQ42="","",RANK(BQ42,BQ$11:BQ$9930,1)+COUNTIF(BQ$11:BQ42,BQ42)-1) -> 44 | BS42: =RANK(BR42,BR$11:BR$9930,1) -> 44 | BT42: =IFERROR(INDEX($O$11:$O$1013,MATCH(ROWS($BS$11:BS42),$BS$11:$BS$1005,0)),"") -> ETQP4M1R5KFM | BU42: =IF(BT42<>"",BT42,"") -> ETQP4M1R5KFM
A43: 90 | B43: 〇 | D43: OK | F43: MP | G43: Panasonic | H43: SMD | I43: Metal Composite | J43: PCC | K43: LP (Low Profile) | L43: 4M-KVC | M43: PCC-M1040M-LP | N43: Yes | O43: ETQP4M2R2KVC | P43: =MID(All_PCC_a[[#This Row],[Part Number]],7,3) -> 2R2 | Q43: 2.2 | R43: =IF(All_PCC_a[[#This Row],[Lo (uH)]]<1,"<1",IF(All_PCC_a[[#This Row],[Lo (uH)]]<10,"<10",IF(All_PCC_a[[#This Row],[Lo (uH)]]<100,"<100",IF(All_PCC_a[[#This Row],[Lo (uH)]]<2000,"<2000","")))) -> <10 | S43: =IFERROR(VLOOKUP(All_PCC_a[[#This Row],[Lo (uH)]],[1]Utility!$D$5:$E$43,2,1),"-") -> ≤ 3 | T43: 0.2 | U43: 6.8 | V43: 7.48 | W43: 10 | X43: 14.8 | Y43: 12.1 | Z43: 21 | AA43: 16.92 | AB43: 10.7 | AC43: 10 | AD43: 4 | AE43: =ROUND(All_PCC_a[[#This Row],[L (mm)]]*All_PCC_a[[#This Row],[W (mm)]],1) -> 107 | AF43: =All_PCC_a[[#This Row],[L (mm)]]&" x "&All_PCC_a[[#This Row],[W (mm)]] -> 10,7 x 10 | AG43: 10 x 10 | AH43: =IF(All_PCC_a[[#This Row],[Max Height (mm)]]<=9,"≤ "&ROUNDUP(AD43,0),"≤"&ROUNDUP(AD43,0)) -> ≤ 4 | AI43: -55 | AJ43: 155 | AK43: =All_PCC_a[[#This Row],[Min Temp (deg.C)]]&" to +"&All_PCC_a[[#This Row],[Max Temp (deg.C)]] -> -55 to +155 | AO43: - | AP43: =IFERROR(IF(L1Round>1,ROUND(L1Round,1),L1Round),"-") -> - | AQ43: - | AR43: - | AS43: https://industrial.panasonic.com/ww/products/pt/automotive-inductors/models/ETQP4M2R2KVC | AT43: https://industrial.panasonic.com/content/data/CC/pictures/lineup-LP.gif | AU43: =_xlfn.IMAGE(All_PCC_a[[#This Row],[Image URL]]) -> #NAME? | AZ43: =IF(AY43=1,COUNTIF($AY$11:AY43,1),"") | BC43: =IF(Z43<('[1]DCDC Ref'!$J$24/'[1]DCDC Ref'!$J$26)*'[1]DCDC Ref'!$J$28/100,0,1) -> 1 | BD43: =IF(BC43=1000000000,"",('All Data'!Q43-'[1]DCDC Ref'!$J$30)/'[1]DCDC Ref'!$J$30*100) -> 248.13187 | BE43: =ABS(BD43) -> 248.13187 | BH43: =IF(BG43<0,10000,BG43) -> 0 | BJ43: =IF(BC43=0,"",('All Data'!Z43-'[1]DCDC Ref'!$J$28*('[1]DCDC Ref'!$J$29/100))/'[1]DCDC Ref'!$J$28*('[1]DCDC Ref'!$J$29/100)*100) -> 88.275862 | BK43: =IF(BJ43<0,10000,BJ43) -> 88.275862 | BQ43: =IFERROR(BE43*$BP$6+BK43*$BP$7,"") -> 1241100.7 | BR43: =IF(BQ43="","",RANK(BQ43,BQ$11:BQ$9930,1)+COUNTIF(BQ$11:BQ43,BQ43)-1) -> 45 | BS43: =RANK(BR43,BR$11:BR$9930,1) -> 45 | BT43: =IFERROR(INDEX($O$11:$O$1013,MATCH(ROWS($BS$11:BS43),$BS$11:$BS$1005,0)),"") -> ETQP4M1R5KVK | BU43: =IF(BT43<>"",BT43,"") -> ETQP4M1R5KVK
A44: 93 | B44: 〇 | D44: OK | F44: MP | G44: Panasonic | H44: SMD | I44: Metal Composite | J44: PCC | K44: High Frequency | L44: 3M-HFP | M44: PCC-M0530M-H | N44: Yes | O44: ETQP3M2R2HFP | P44: =MID(All_PCC_a[[#This Row],[Part Number]],7,3) -> 2R2 | Q44: 2.2 | R44: =IF(All_PCC_a[[#This Row],[Lo (uH)]]<1,"<1",IF(All_PCC_a[[#This Row],[Lo (uH)]]<10,"<10",IF(All_PCC_a[[#This Row],[Lo (uH)]]<100,"<100",IF(All_PCC_a[[#This Row],[Lo (uH)]]<2000,"<2000","")))) -> <10 | S44: =IFERROR(VLOOKUP(All_PCC_a[[#This Row],[Lo (uH)]],[1]Utility!$D$5:$E$43,2,1),"-") -> ≤ 3 | T44: 0.2 | U44: 19.5 | V44: 21.45 | W44: 20 | X44: 6.3 | Y44: 5.2 | Z44: 9 | AA44: 6.4 | AB44: 5.5 | AC44: 5 | AD44: 3 | AE44: =ROUND(All_PCC_a[[#This Row],[L (mm)]]*All_PCC_a[[#This Row],[W (mm)]],1) -> 27.5 | AF44: =All_PCC_a[[#This Row],[L (mm)]]&" x "&All_PCC_a[[#This Row],[W (mm)]] -> 5,5 x 5 | AG44: _5 x 5 | AH44: =IF(All_PCC_a[[#This Row],[Max Height (mm)]]<=9,"≤ "&ROUNDUP(AD44,0),"≤"&ROUNDUP(AD44,0)) -> ≤ 3 | AI44: -40 | AJ44: 150 | AK44: =All_PCC_a[[#This Row],[Min Temp (deg.C)]]&" to +"&All_PCC_a[[#This Row],[Max Temp (deg.C)]] -> -40 to +150 | AO44: - | AP44: =IFERROR(IF(L1Round>1,ROUND(L1Round,1),L1Round),"-") -> - | AQ44: - | AR44: - | AS44: https://industrial.panasonic.com/ww/products/pt/automotive-inductors/models/ETQP3M2R2HFP | AT44: https://industrial.panasonic.com/content/data/CC/pictures/lineup-H.gif | AU44: =_xlfn.IMAGE(All_PCC_a[[#This Row],[Image URL]]) -> #NAME? | AZ44: =IF(AY44=1,COUNTIF($AY$11:AY44,1),"") | BC44: =IF(Z44<('[1]DCDC Ref'!$J$24/'[1]DCDC Ref'!$J$26)*'[1]DCDC Ref'!$J$28/100,0,1) -> 1 | BD44: =IF(BC44=1000000000,"",('All Data'!Q44-'[1]DCDC Ref'!$J$30)/'[1]DCDC Ref'!$J$30*100) -> 248.13187 | BE44: =ABS(BD44) -> 248.13187 | BH44: =IF(BG44<0,10000,BG44) -> 0 | BJ44: =IF(BC44=0,"",('All Data'!Z44-'[1]DCDC Ref'!$J$28*('[1]DCDC Ref'!$J$29/100))/'[1]DCDC Ref'!$J$28*('[1]DCDC Ref'!$J$29/100)*100) -> -19.310345 | BK44: =IF(BJ44<0,10000,BJ44) -> 10000 | BQ44: =IFERROR(BE44*$BP$6+BK44*$BP$7,"") -> 1290659.3 | BR44: =IF(BQ44="","",RANK(BQ44,BQ$11:BQ$9930,1)+COUNTIF(BQ$11:BQ44,BQ44)-1) -> 48 | BS44: =RANK(BR44,BR$11:BR$9930,1) -> 48 | BT44: =IFERROR(INDEX($O$11:$O$1013,MATCH(ROWS($BS$11:BS44),$BS$11:$BS$1005,0)),"") -> ETQP4M1R5KVC | BU44: =IF(BT44<>"",BT44,"") -> ETQP4M1R5KVC
A45: 107 | B45: 〇 | D45: OK | F45: MP | G45: Panasonic | H45: SMD | I45: Metal Composite | J45: PCC | K45: High Isat (Standard) | L45: 4M-YFN | M45: PCC-M0645M | N45: Yes | O45: ETQP4M2R2YFN | P45: =MID(All_PCC_a[[#This Row],[Part Number]],7,3) -> 2R2 | Q45: 2.2 | R45: =IF(All_PCC_a[[#This Row],[Lo (uH)]]<1,"<1",IF(All_PCC_a[[#This Row],[Lo (uH)]]<10,"<10",IF(All_PCC_a[[#This Row],[Lo (uH)]]<100,"<100",IF(All_PCC_a[[#This Row],[Lo (uH)]]<2000,"<2000","")))) -> <10 | S45: =IFERROR(VLOOKUP(All_PCC_a[[#This Row],[Lo (uH)]],[1]Utility!$D$5:$E$43,2,1),"-") -> ≤ 3 | T45: 0.2 | U45: 10.4 | V45: =All_PCC_a[[#This Row],[DCR Typ (mOhm)]]*1.1 -> 11.44 | W45: 10 | X45: 10.2 | Y45: 8 | Z45: 14.4 | AA45: 10.41 | AB45: 6.5 | AC45: 6 | AD45: 4.5 | AE45: =ROUND(All_PCC_a[[#This Row],[L (mm)]]*All_PCC_a[[#This Row],[W (mm)]],1) -> 39 | AF45: =All_PCC_a[[#This Row],[L (mm)]]&" x "&All_PCC_a[[#This Row],[W (mm)]] -> 6,5 x 6 | AG45: _6 x 6 | AH45: =IF(All_PCC_a[[#This Row],[Max Height (mm)]]<=9,"≤ "&ROUNDUP(AD45,0),"≤"&ROUNDUP(AD45,0)) -> ≤ 5 | AI45: -40 | AJ45: 150 | AK45: =All_PCC_a[[#This Row],[Min Temp (deg.C)]]&" to +"&All_PCC_a[[#This Row],[Max Temp (deg.C)]] -> -40 to +150 | AO45: - | AP45: =IFERROR(IF(L1Round>1,ROUND(L1Round,1),L1Round),"-") -> - | AQ45: - | AR45: - | AS45: https://industrial.panasonic.com/ww/products/pt/automotive-inductors/models/ETQP4M2R2YFN | AT45: https://industrial.panasonic.com/content/data/CC/pictures/lineup-Metal-core.gif | AU45: =_xlfn.IMAGE(All_PCC_a[[#This Row],[Image URL]]) -> #NAME? | BC45: =IF(Z45<('[1]DCDC Ref'!$J$24/'[1]DCDC Ref'!$J$26)*'[1]DCDC Ref'!$J$28/100,0,1) -> 1 | BD45: =IF(BC45=1000000000,"",('All Data'!Q45-'[1]DCDC Ref'!$J$30)/'[1]DCDC Ref'!$J$30*100) -> 248.13187 | BE45: =ABS(BD45) -> 248.13187 | BH45: =IF(BG45<0,10000,BG45) -> 0 | BJ45: =IF(BC45=0,"",('All Data'!Z45-'[1]DCDC Ref'!$J$28*('[1]DCDC Ref'!$J$29/100))/'[1]DCDC Ref'!$J$28*('[1]DCDC Ref'!$J$29/100)*100) -> 29.103448 | BK45: =IF(BJ45<0,10000,BJ45) -> 29.103448 | BQ45: =IFERROR(BE45*$BP$6+BK45*$BP$7,"") -> 1240804.9 | BR45: =IF(BQ45="","",RANK(BQ45,BQ$11:BQ$9930,1)+COUNTIF(BQ$11:BQ45,BQ45)-1) -> 42 | BS45: =RANK(BR45,BR$11:BR$9930,1) -> 42 | BT45: =IFERROR(INDEX($O$11:$O$1013,MATCH(ROWS($BS$11:BS45),$BS$11:$BS$1005,0)),"") -> ETQP8M1R5JFA | BU45: =IF(BT45<>"",BT45,"") -> ETQP8M1R5JFA
A46: 105 | B46: 〇 | D46: OK | F46: MP | G46: Panasonic | H46: SMD | I46: Metal Composite | J46: PCC | K46: High Anti-vibration | L46: 5M-YSK | M46: PCC-M0854MS | N46: Yes | O46: ETQP5M2R5YSK | P46: =MID(All_PCC_a[[#This Row],[Part Number]],7,3) -> 2R5 | Q46: 2.45 | R46: =IF(All_PCC_a[[#This Row],[Lo (uH)]]<1,"<1",IF(All_PCC_a[[#This Row],[Lo (uH)]]<10,"<10",IF(All_PCC_a[[#This Row],[Lo (uH)]]<100,"<100",IF(All_PCC_a[[#This Row],[Lo (uH)]]<2000,"<2000","")))) -> <10 | S46: =IFERROR(VLOOKUP(All_PCC_a[[#This Row],[Lo (uH)]],[1]Utility!$D$5:$E$43,2,1),"-") -> ≤ 3 | T46: 0.2 | U46: 7.4 | V46: 8.14 | W46: 10 | X46: 14.1 | Y46: 12 | Z46: 19.3 | AA46: 13.7 | AB46: 8.5 | AC46: 8 | AD46: 5.4 | AE46: =ROUND(All_PCC_a[[#This Row],[L (mm)]]*All_PCC_a[[#This Row],[W (mm)]],1) -> 68 | AF46: =All_PCC_a[[#This Row],[L (mm)]]&" x "&All_PCC_a[[#This Row],[W (mm)]] -> 8,5 x 8 | AG46: _8 x 8 | AH46: =IF(All_PCC_a[[#This Row],[Max Height (mm)]]<=9,"≤ "&ROUNDUP(AD46,0),"≤"&ROUNDUP(AD46,0)) -> ≤ 6 | AI46: -40 | AJ46: 150 | AK46: =All_PCC_a[[#This Row],[Min Temp (deg.C)]]&" to +"&All_PCC_a[[#This Row],[Max Temp (deg.C)]] -> -40 to +150 | AO46: - | AP46: =IFERROR(IF(L1Round>1,ROUND(L1Round,1),L1Round),"-") -> - | AQ46: - | AR46: - | AS46: https://industrial.panasonic.com/ww/products/pt/automotive-inductors/models/ETQP5M2R5YSK | AT46: https://industrial.panasonic.com/content/data/CC/pictures/lineup-High%20Vibration%20Acceleration.gif | AU46: =_xlfn.IMAGE(All_PCC_a[[#This Row],[Image URL]]) -> #NAME? | BC46: =IF(Z46<('[1]DCDC Ref'!$J$24/'[1]DCDC Ref'!$J$26)*'[1]DCDC Ref'!$J$28/100,0,1) -> 1 | BD46: =IF(BC46=1000000000,"",('All Data'!Q46-'[1]DCDC Ref'!$J$30)/'[1]DCDC Ref'!$J$30*100) -> 287.69231 | BE46: =ABS(BD46) -> 287.69231 | BH46: =IF(BG46<0,10000,BG46) -> 0 | BJ46: =IF(BC46=0,"",('All Data'!Z46-'[1]DCDC Ref'!$J$28*('[1]DCDC Ref'!$J$29/100))/'[1]DCDC Ref'!$J$28*('[1]DCDC Ref'!$J$29/100)*100) -> 73.034483 | BK46: =IF(BJ46<0,10000,BJ46) -> 73.034483 | BQ46: =IFERROR(BE46*$BP$6+BK46*$BP$7,"") -> 1438826.7 | BR46: =IF(BQ46="","",RANK(BQ46,BQ$11:BQ$9930,1)+COUNTIF(BQ$11:BQ46,BQ46)-1) -> 49 | BS46: =RANK(BR46,BR$11:BR$9930,1) -> 49 | BT46: =IFERROR(INDEX($O$11:$O$1013,MATCH(ROWS($BS$11:BS46),$BS$11:$BS$1005,0)),"") -> ETQP6M1R5YLC | BU46: =IF(BT46<>"",BT46,"") -> ETQP6M1R5YLC
A47: 14 | B47: 〇 | D47: OK | F47: MP | G47: Panasonic | H47: SMD | I47: Metal Composite | J47: PCC | K47: High Isat (Standard) | L47: 5M-YFC | M47: PCC-M1054M | N47: Yes | O47: ETQP5M2R5YFC | P47: =MID(All_PCC_a[[#This Row],[Part Number]],7,3) -> 2R5 | Q47: 2.5 | R47: =IF(All_PCC_a[[#This Row],[Lo (uH)]]<1,"<1",IF(All_PCC_a[[#This Row],[Lo (uH)]]<10,"<10",IF(All_PCC_a[[#This Row],[Lo (uH)]]<100,"<100",IF(All_PCC_a[[#This Row],[Lo (uH)]]<2000,"<2000","")))) -> <10 | S47: =IFERROR(VLOOKUP(All_PCC_a[[#This Row],[Lo (uH)]],[1]Utility!$D$5:$E$43,2,1),"-") -> ≤ 3 | T47: 0.2 | U47: 5.3 | V47: 5.9 | W47: 10 | X47: 18.1 | Y47: 15.1 | Z47: 27.2 | AA47: 19.74 | AB47: 10.7 | AC47: 10 | AD47: 5.4 | AE47: =ROUND(All_PCC_a[[#This Row],[L (mm)]]*All_PCC_a[[#This Row],[W (mm)]],1) -> 107 | AF47: =All_PCC_a[[#This Row],[L (mm)]]&" x "&All_PCC_a[[#This Row],[W (mm)]] -> 10,7 x 10 | AG47: 10 x 10 | AH47: =IF(All_PCC_a[[#This Row],[Max Height (mm)]]<=9,"≤ "&ROUNDUP(AD47,0),"≤"&ROUNDUP(AD47,0)) -> ≤ 6 | AI47: -40 | AJ47: 150 | AK47: =All_PCC_a[[#This Row],[Min Temp (deg.C)]]&" to +"&All_PCC_a[[#This Row],[Max Temp (deg.C)]] -> -40 to +150 | AO47: - | AP47: =IFERROR(IF(L1Round>1,ROUND(L1Round,1),L1Round),"-") -> - | AQ47: - | AR47: - | AS47: https://industrial.panasonic.com/ww/products/pt/automotive-inductors/models/ETQP5M2R5YFC | AT47: https://industrial.panasonic.com/content/data/CC/pictures/lineup-Metal-core.gif | AU47: =_xlfn.IMAGE(All_PCC_a[[#This Row],[Image URL]]) -> #NAME? | AZ47: =IF(AY47=1,COUNTIF($AY$11:AY47,1),"") | BC47: =IF(Z47<('[1]DCDC Ref'!$J$24/'[1]DCDC Ref'!$J$26)*'[1]DCDC Ref'!$J$28/100,0,1) -> 1 | BD47: =IF(BC47=1000000000,"",('All Data'!Q47-'[1]DCDC Ref'!$J$30)/'[1]DCDC Ref'!$J$30*100) -> 295.6044 | BE47: =ABS(BD47) -> 295.6044 | BH47: =IF(BG47<0,10000,BG47) -> 0 | BJ47: =IF(BC47=0,"",('All Data'!Z47-'[1]DCDC Ref'!$J$28*('[1]DCDC Ref'!$J$29/100))/'[1]DCDC Ref'!$J$28*('[1]DCDC Ref'!$J$29/100)*100) -> 143.86207 | BK47: =IF(BJ47<0,10000,BJ47) -> 143.86207 | BQ47: =IFERROR(BE47*$BP$6+BK47*$BP$7,"") -> 1478741.3 | BR47: =IF(BQ47="","",RANK(BQ47,BQ$11:BQ$9930,1)+COUNTIF(BQ$11:BQ47,BQ47)-1) -> 53 | BS47: =RANK(BR47,BR$11:BR$9930,1) -> 53 | BT47: =IFERROR(INDEX($O$11:$O$1013,MATCH(ROWS($BS$11:BS47),$BS$11:$BS$1005,0)),"") -> ETQP5M1R5YFC | BU47: =IF(BT47<>"",BT47,"") -> ETQP5M1R5YFC
A48: 24 | B48: 〇 | D48: OK | F48: MP | G48: Panasonic | H48: SMD | I48: Metal Composite | J48: PCC | K48: High Isat (Standard) | L48: 5M-YFK | M48: PCC-M0854M | N48: Yes | O48: ETQP5M2R5YFK | P48: =MID(All_PCC_a[[#This Row],[Part Number]],7,3) -> 2R5 | Q48: 2.5 | R48: =IF(All_PCC_a[[#This Row],[Lo (uH)]]<1,"<1",IF(All_PCC_a[[#This Row],[Lo (uH)]]<10,"<10",IF(All_PCC_a[[#This Row],[Lo (uH)]]<100,"<100",IF(All_PCC_a[[#This Row],[Lo (uH)]]<2000,"<2000","")))) -> <10 | S48: =IFERROR(VLOOKUP(All_PCC_a[[#This Row],[Lo (uH)]],[1]Utility!$D$5:$E$43,2,1),"-") -> ≤ 3 | T48: 0.2 | U48: 7.6 | V48: 8.36 | W48: 10 | X48: 14 | Y48: 11.9 | Z48: 20.1 | AA48: 14.54 | AB48: 8.5 | AC48: 8 | AD48: 5.4 | AE48: =ROUND(All_PCC_a[[#This Row],[L (mm)]]*All_PCC_a[[#This Row],[W (mm)]],1) -> 68 | AF48: =All_PCC_a[[#This Row],[L (mm)]]&" x "&All_PCC_a[[#This Row],[W (mm)]] -> 8,5 x 8 | AG48: _8 x 8 | AH48: =IF(All_PCC_a[[#This Row],[Max Height (mm)]]<=9,"≤ "&ROUNDUP(AD48,0),"≤"&ROUNDUP(AD48,0)) -> ≤ 6 | AI48: -40 | AJ48: 150 | AK48: =All_PCC_a[[#This Row],[Min Temp (deg.C)]]&" to +"&All_PCC_a[[#This Row],[Max Temp (deg.C)]] -> -40 to +150 | AO48: - | AP48: =IFERROR(IF(L1Round>1,ROUND(L1Round,1),L1Round),"-") -> - | AQ48: - | AR48: - | AS48: https://industrial.panasonic.com/ww/products/pt/automotive-inductors/models/ETQP5M2R5YFK | AT48: https://industrial.panasonic.com/content/data/CC/pictures/lineup-Metal-core.gif | AU48: =_xlfn.IMAGE(All_PCC_a[[#This Row],[Image URL]]) -> #NAME? | AZ48: =IF(AY48=1,COUNTIF($AY$11:AY48,1),"") | BC48: =IF(Z48<('[1]DCDC Ref'!$J$24/'[1]DCDC Ref'!$J$26)*'[1]DCDC Ref'!$J$28/100,0,1) -> 1 | BD48: =IF(BC48=1000000000,"",('All Data'!Q48-'[1]DCDC Ref'!$J$30)/'[1]DCDC Ref'!$J$30*100) -> 295.6044 | BE48: =ABS(BD48) -> 295.6044 | BH48: =IF(BG48<0,10000,BG48) -> 0 | BJ48: =IF(BC48=0,"",('All Data'!Z48-'[1]DCDC Ref'!$J$28*('[1]DCDC Ref'!$J$29/100))/'[1]DCDC Ref'!$J$28*('[1]DCDC Ref'!$J$29/100)*100) -> 80.206897 | BK48: =IF(BJ48<0,10000,BJ48) -> 80.206897 | BQ48: =IFERROR(BE48*$BP$6+BK48*$BP$7,"") -> 1478423 | BR48: =IF(BQ48="","",RANK(BQ48,BQ$11:BQ$9930,1)+COUNTIF(BQ$11:BQ48,BQ48)-1) -> 50 | BS48: =RANK(BR48,BR$11:BR$9930,1) -> 50 | BT48: =IFERROR(INDEX($O$11:$O$1013,MATCH(ROWS($BS$11:BS48),$BS$11:$BS$1005,0)),"") -> ETQPAM1R5JFW | BU48: =IF(BT48<>"",BT48,"") -> ETQPAM1R5JFW
A49: 42 | B49: 〇 | D49: OK | F49: MP | G49: Panasonic | H49: SMD | I49: Metal Composite | J49: PCC | K49: High Isat (Standard) | L49: 6M-YLC | M49: PCC-M1060ML | N49: Yes | O49: ETQP6M2R5YLC | P49: =MID(All_PCC_a[[#This Row],[Part Number]],7,3) -> 2R5 | Q49: 2.5 | R49: =IF(All_PCC_a[[#This Row],[Lo (uH)]]<1,"<1",IF(All_PCC_a[[#This Row],[Lo (uH)]]<10,"<10",IF(All_PCC_a[[#This Row],[Lo (uH)]]<100,"<100",IF(All_PCC_a[[#This Row],[Lo (uH)]]<2000,"<2000","")))) -> <10 | S49: =IFERROR(VLOOKUP(All_PCC_a[[#This Row],[Lo (uH)]],[1]Utility!$D$5:$E$43,2,1),"-") -> ≤ 3 | T49: 0.2 | U49: 4.55 | V49: 5 | W49: 10 | X49: 19.6 | Y49: 16.3 | Z49: 25.8 | AA49: 17.2 | AB49: 10.9 | AC49: 10 | AD49: 6 | AE49: =ROUND(All_PCC_a[[#This Row],[L (mm)]]*All_PCC_a[[#This Row],[W (mm)]],1) -> 109 | AF49: =All_PCC_a[[#This Row],[L (mm)]]&" x "&All_PCC_a[[#This Row],[W (mm)]] -> 10,9 x 10 | AG49: 10 x 10 | AH49: =IF(All_PCC_a[[#This Row],[Max Height (mm)]]<=9,"≤ "&ROUNDUP(AD49,0),"≤"&ROUNDUP(AD49,0)) -> ≤ 6 | AI49: -40 | AJ49: 150 | AK49: =All_PCC_a[[#This Row],[Min Temp (deg.C)]]&" to +"&All_PCC_a[[#This Row],[Max Temp (deg.C)]] -> -40 to +150 | AO49: - | AP49: =IFERROR(IF(L1Round>1,ROUND(L1Round,1),L1Round),"-") -> - | AQ49: - | AR49: - | AS49: https://industrial.panasonic.com/ww/products/pt/automotive-inductors/models/ETQP6M2R5YLC | AT49: https://industrial.panasonic.com/content/data/CC/pictures/lineup-Metal-core.gif | AU49: =_xlfn.IMAGE(All_PCC_a[[#This Row],[Image URL]]) -> #NAME? | BC49: =IF(Z49<('[1]DCDC Ref'!$J$24/'[1]DCDC Ref'!$J$26)*'[1]DCDC Ref'!$J$28/100,0,1) -> 1 | BD49: =IF(BC49=1000000000,"",('All Data'!Q49-'[1]DCDC Ref'!$J$30)/'[1]DCDC Ref'!$J$30*100) -> 295.6044 | BE49: =ABS(BD49) -> 295.6044 | BH49: =IF(BG49<0,10000,BG49) -> 0 | BJ49: =IF(BC49=0,"",('All Data'!Z49-'[1]DCDC Ref'!$J$28*('[1]DCDC Ref'!$J$29/100))/'[1]DCDC Ref'!$J$28*('[1]DCDC Ref'!$J$29/100)*100) -> 131.31034 | BK49: =IF(BJ49<0,10000,BJ49) -> 131.31034 | BQ49: =IFERROR(BE49*$BP$6+BK49*$BP$7,"") -> 1478678.5 | BR49: =IF(BQ49="","",RANK(BQ49,BQ$11:BQ$9930,1)+COUNTIF(BQ$11:BQ49,BQ49)-1) -> 52 | BS49: =RANK(BR49,BR$11:BR$9930,1) -> 52 | BT49: =IFERROR(INDEX($O$11:$O$1013,MATCH(ROWS($BS$11:BS49),$BS$11:$BS$1005,0)),"") -> ETQP5M2R0YSC | BU49: =IF(BT49<>"",BT49,"") -> ETQP5M2R0YSC
A50: 49 | B50: 〇 | D50: OK | F50: MP | G50: Panasonic | H50: SMD | I50: Metal Composite | J50: PCC | K50: High Current (≥□12) | L50: 8M-JFA | M50: PCC-M1280MF | N50: Yes | O50: ETQP8M2R5JFA | P50: =MID(All_PCC_a[[#This Row],[Part Number]],7,3) -> 2R5 | Q50: 2.5 | R50: =IF(All_PCC_a[[#This Row],[Lo (uH)]]<1,"<1",IF(All_PCC_a[[#This Row],[Lo (uH)]]<10,"<10",IF(All_PCC_a[[#This Row],[Lo (uH)]]<100,"<100",IF(All_PCC_a[[#This Row],[Lo (uH)]]<2000,"<2000","")))) -> <10 | S50: =IFERROR(VLOOKUP(All_PCC_a[[#This Row],[Lo (uH)]],[1]Utility!$D$5:$E$43,2,1),"-") -> ≤ 3 | T50: 0.2 | U50: 2.6 | V50: 2.86 | W50: 10 | X50: 27.7 | Y50: 23 | Z50: 32.1 | AA50: =ROUND(23.0676691729323,2) -> 23.07 | AB50: 12.6 | AC50: 13.2 | AD50: 8 | AE50: =ROUND(All_PCC_a[[#This Row],[L (mm)]]*All_PCC_a[[#This Row],[W (mm)]],1) -> 166.3 | AF50: =All_PCC_a[[#This Row],[L (mm)]]&" x "&All_PCC_a[[#This Row],[W (mm)]] -> 12,6 x 13,2 | AG50: 12 x 12 | AH50: =IF(All_PCC_a[[#This Row],[Max Height (mm)]]<=9,"≤ "&ROUNDUP(AD50,0),"≤"&ROUNDUP(AD50,0)) -> ≤ 8 | AI50: -40 | AJ50: 160 | AK50: =All_PCC_a[[#This Row],[Min Temp (deg.C)]]&" to +"&All_PCC_a[[#This Row],[Max Temp (deg.C)]] -> -40 to +160 | AN50: 15Gと聞いたがカタログは30G | AO50: - | AP50: =IFERROR(IF(L1Round>1,ROUND(L1Round,1),L1Round),"-") -> - | AQ50: - | AR50: - | AS50: https://industrial.panasonic.com/ww/products/pt/automotive-inductors/models/ETQP8M2R5JFA | AT50: https://industrial.panasonic.com/content/data/CC/pictures/lineup-Large%20current.gif | AU50: =_xlfn.IMAGE(All_PCC_a[[#This Row],[Image URL]]) -> #NAME? | BC50: =IF(Z50<('[1]DCDC Ref'!$J$24/'[1]DCDC Ref'!$J$26)*'[1]DCDC Ref'!$J$28/100,0,1) -> 1 | BD50: =IF(BC50=1000000000,"",('All Data'!Q50-'[1]DCDC Ref'!$J$30)/'[1]DCDC Ref'!$J$30*100) -> 295.6044 | BE50: =ABS(BD50) -> 295.6044 | BH50: =IF(BG50<0,10000,BG50) -> 0 | BJ50: =IF(BC50=0,"",('All Data'!Z50-'[1]DCDC Ref'!$J$28*('[1]DCDC Ref'!$J$29/100))/'[1]DCDC Ref'!$J$28*('[1]DCDC Ref'!$J$29/100)*100) -> 187.7931 | BK50: =IF(BJ50<0,10000,BJ50) -> 187.7931 | BQ50: =IFERROR(BE50*$BP$6+BK50*$BP$7,"") -> 1478960.9 | BR50: =IF(BQ50="","",RANK(BQ50,BQ$11:BQ$9930,1)+COUNTIF(BQ$11:BQ50,BQ50)-1) -> 55 | BS50: =RANK(BR50,BR$11:BR$9930,1) -> 55 | BT50: =IFERROR(INDEX($O$11:$O$1013,MATCH(ROWS($BS$11:BS50),$BS$11:$BS$1005,0)),"") -> ETQP5M2R0YLC | BU50: =IF(BT50<>"",BT50,"") -> ETQP5M2R0YLC
A51: 3 | B51: 〇 | D51: OK | F51: MP | G51: Panasonic | H51: SMD | I51: Metal Composite | J51: PCC | K51: High Isat (Standard) | L51: 4M-YFN | M51: PCC-M0645M | N51: Yes | O51: ETQP4M3R3YFN | P51: =MID(All_PCC_a[[#This Row],[Part Number]],7,3) -> 3R3 | Q51: 3.3 | R51: =IF(All_PCC_a[[#This Row],[Lo (uH)]]<1,"<1",IF(All_PCC_a[[#This Row],[Lo (uH)]]<10,"<10",IF(All_PCC_a[[#This Row],[Lo (uH)]]<100,"<100",IF(All_PCC_a[[#This Row],[Lo (uH)]]<2000,"<2000","")))) -> <10 | S51: =IFERROR(VLOOKUP(All_PCC_a[[#This Row],[Lo (uH)]],[1]Utility!$D$5:$E$43,2,1),"-") -> ≤ 4 | T51: 0.2 | U51: 16.1 | V51: 17.71 | W51: 10 | X51: 8.2 | Y51: 6.4 | Z51: 13.3 | AA51: 9.28 | AB51: 6.5 | AC51: 6 | AD51: 4.5 | AE51: =ROUND(All_PCC_a[[#This Row],[L (mm)]]*All_PCC_a[[#This Row],[W (mm)]],1) -> 39 | AF51: =All_PCC_a[[#This Row],[L (mm)]]&" x "&All_PCC_a[[#This Row],[W (mm)]] -> 6,5 x 6 | AG51: _6 x 6 | AH51: =IF(All_PCC_a[[#This Row],[Max Height (mm)]]<=9,"≤ "&ROUNDUP(AD51,0),"≤"&ROUNDUP(AD51,0)) -> ≤ 5 | AI51: -40 | AJ51: 150 | AK51: =All_PCC_a[[#This Row],[Min Temp (deg.C)]]&" to +"&All_PCC_a[[#This Row],[Max Temp (deg.C)]] -> -40 to +150 | AO51: - | AP51: =IFERROR(IF(L1Round>1,ROUND(L1Round,1),L1Round),"-") -> - | AQ51: - | AR51: - | AS51: https://industrial.panasonic.com/ww/products/pt/automotive-inductors/models/ETQP4M3R3YFN | AT51: https://industrial.panasonic.com/content/data/CC/pictures/lineup-Metal-core.gif | AU51: =_xlfn.IMAGE(All_PCC_a[[#This Row],[Image URL]]) -> #NAME? | AZ51: =IF(AY51=1,COUNTIF($AY$11:AY51,1),"") | BC51: =IF(Z51<('[1]DCDC Ref'!$J$24/'[1]DCDC Ref'!$J$26)*'[1]DCDC Ref'!$J$28/100,0,1) -> 1 | BD51: =IF(BC51=1000000000,"",('All Data'!Q51-'[1]DCDC Ref'!$J$30)/'[1]DCDC Ref'!$J$30*100) -> 422.1978 | BE51: =ABS(BD51) -> 422.1978 | BH51: =IF(BG51<0,10000,BG51) -> 0 | BJ51: =IF(BC51=0,"",('All Data'!Z51-'[1]DCDC Ref'!$J$28*('[1]DCDC Ref'!$J$29/100))/'[1]DCDC Ref'!$J$28*('[1]DCDC Ref'!$J$29/100)*100) -> 19.241379 | BK51: =IF(BJ51<0,10000,BJ51) -> 19.241379 | BQ51: =IFERROR(BE51*$BP$6+BK51*$BP$7,"") -> 2111085.2 | BR51: =IF(BQ51="","",RANK(BQ51,BQ$11:BQ$9930,1)+COUNTIF(BQ$11:BQ51,BQ51)-1) -> 59 | BS51: =RANK(BR51,BR$11:BR$9930,1) -> 59 | BT51: =IFERROR(INDEX($O$11:$O$1013,MATCH(ROWS($BS$11:BS51),$BS$11:$BS$1005,0)),"") -> ETQP3M2R2KVN | BU51: =IF(BT51<>"",BT51,"") -> ETQP3M2R2KVN
A52: 10 | B52: 〇 | D52: OK | F52: MP | G52: Panasonic | H52: SMD | I52: Metal Composite | J52: PCC | K52: High Isat (Standard) | L52: 3M-YFP | M52: PCC-M0530M | N52: Yes | O52: ETQP3M3R3YFP | P52: =MID(All_PCC_a[[#This Row],[Part Number]],7,3) -> 3R3 | Q52: 3.3 | R52: =IF(All_PCC_a[[#This Row],[Lo (uH)]]<1,"<1",IF(All_PCC_a[[#This Row],[Lo (uH)]]<10,"<10",IF(All_PCC_a[[#This Row],[Lo (uH)]]<100,"<100",IF(All_PCC_a[[#This Row],[Lo (uH)]]<2000,"<2000","")))) -> <10 | S52: =IFERROR(VLOOKUP(All_PCC_a[[#This Row],[Lo (uH)]],[1]Utility!$D$5:$E$43,2,1),"-") -> ≤ 4 | T52: 0.2 | U52: 31.3 | V52: 34.43 | W52: 10 | X52: 5 | Y52: 4.1 | Z52: 8.6 | AA52: 6.15 | AB52: 5.5 | AC52: 5 | AD52: 3 | AE52: =ROUND(All_PCC_a[[#This Row],[L (mm)]]*All_PCC_a[[#This Row],[W (mm)]],1) -> 27.5 | AF52: =All_PCC_a[[#This Row],[L (mm)]]&" x "&All_PCC_a[[#This Row],[W (mm)]] -> 5,5 x 5 | AG52: _5 x 5 | AH52: =IF(All_PCC_a[[#This Row],[Max Height (mm)]]<=9,"≤ "&ROUNDUP(AD52,0),"≤"&ROUNDUP(AD52,0)) -> ≤ 3 | AI52: -40 | AJ52: 150 | AK52: =All_PCC_a[[#This Row],[Min Temp (deg.C)]]&" to +"&All_PCC_a[[#This Row],[Max Temp (deg.C)]] -> -40 to +150 | AO52: - | AP52: =IFERROR(IF(L1Round>1,ROUND(L1Round,1),L1Round),"-") -> - | AQ52: - | AR52: - | AS52: https://industrial.panasonic.com/ww/products/pt/automotive-inductors/models/ETQP3M3R3YFP | AT52: https://industrial.panasonic.com/content/data/CC/pictures/lineup-Metal-core.gif | AU52: =_xlfn.IMAGE(All_PCC_a[[#This Row],[Image URL]]) -> #NAME? | AZ52: =IF(AY52=1,COUNTIF($AY$11:AY52,1),"") | BC52: =IF(Z52<('[1]DCDC Ref'!$J$24/'[1]DCDC Ref'!$J$26)*'[1]DCDC Ref'!$J$28/100,0,1) -> 1 | BD52: =IF(BC52=1000000000,"",('All Data'!Q52-'[1]DCDC Ref'!$J$30)/'[1]DCDC Ref'!$J$30*100) -> 422.1978 | BE52: =ABS(BD52) -> 422.1978 | BH52: =IF(BG52<0,10000,BG52) -> 0 | BJ52: =IF(BC52=0,"",('All Data'!Z52-'[1]DCDC Ref'!$J$28*('[1]DCDC Ref'!$J$29/100))/'[1]DCDC Ref'!$J$28*('[1]DCDC Ref'!$J$29/100)*100) -> -22.896552 | BK52: =IF(BJ52<0,10000,BJ52) -> 10000 | BQ52: =IFERROR(BE52*$BP$6+BK52*$BP$7,"") -> 2160989 | BR52: =IF(BQ52="","",RANK(BQ52,BQ$11:BQ$9930,1)+COUNTIF(BQ$11:BQ52,BQ52)-1) -> 70 | BS52: =RANK(BR52,BR$11:BR$9930,1) -> 70 | BT52: =IFERROR(INDEX($O$11:$O$1013,MATCH(ROWS($BS$11:BS52),$BS$11:$BS$1005,0)),"") -> ETQP4M2R2YFN | BU52: =IF(BT52<>"",BT52,"") -> ETQP4M2R2YFN
A53: 15 | B53: 〇 | D53: OK | F53: MP | G53: Panasonic | H53: SMD | I53: Metal Composite | J53: PCC | K53: High Isat (Standard) | L53: 5M-YFC | M53: PCC-M1054M | N53: Yes | O53: ETQP5M3R3YFC | P53: =MID(All_PCC_a[[#This Row],[Part Number]],7,3) -> 3R3 | Q53: 3.3 | R53: =IF(All_PCC_a[[#This Row],[Lo (uH)]]<1,"<1",IF(All_PCC_a[[#This Row],[Lo (uH)]]<10,"<10",IF(All_PCC_a[[#This Row],[Lo (uH)]]<100,"<100",IF(All_PCC_a[[#This Row],[Lo (uH)]]<2000,"<2000","")))) -> <10 | S53: =IFERROR(VLOOKUP(All_PCC_a[[#This Row],[Lo (uH)]],[1]Utility!$D$5:$E$43,2,1),"-") -> ≤ 4 | T53: 0.2 | U53: 7.1 | V53: 7.81 | W53: 10 | X53: 15.7 | Y53: 13.1 | Z53: 22.7 | AA53: 16.27 | AB53: 10.7 | AC53: 10 | AD53: 5.4 | AE53: =ROUND(All_PCC_a[[#This Row],[L (mm)]]*All_PCC_a[[#This Row],[W (mm)]],1) -> 107 | AF53: =All_PCC_a[[#This Row],[L (mm)]]&" x "&All_PCC_a[[#This Row],[W (mm)]] -> 10,7 x 10 | AG53: 10 x 10 | AH53: =IF(All_PCC_a[[#This Row],[Max Height (mm)]]<=9,"≤ "&ROUNDUP(AD53,0),"≤"&ROUNDUP(AD53,0)) -> ≤ 6 | AI53: -40 | AJ53: 150 | AK53: =All_PCC_a[[#This Row],[Min Temp (deg.C)]]&" to +"&All_PCC_a[[#This Row],[Max Temp (deg.C)]] -> -40 to +150 | AO53: - | AP53: =IFERROR(IF(L1Round>1,ROUND(L1Round,1),L1Round),"-") -> - | AQ53: - | AR53: - | AS53: https://industrial.panasonic.com/ww/products/pt/automotive-inductors/models/ETQP5M3R3YFC | AT53: https://industrial.panasonic.com/content/data/CC/pictures/lineup-Metal-core.gif | AU53: =_xlfn.IMAGE(All_PCC_a[[#This Row],[Image URL]]) -> #NAME? | BC53: =IF(Z53<('[1]DCDC Ref'!$J$24/'[1]DCDC Ref'!$J$26)*'[1]DCDC Ref'!$J$28/100,0,1) -> 1 | BD53: =IF(BC53=1000000000,"",('All Data'!Q53-'[1]DCDC Ref'!$J$30)/'[1]DCDC Ref'!$J$30*100) -> 422.1978 | BE53: =ABS(BD53) -> 422.1978 | BH53: =IF(BG53<0,10000,BG53) -> 0 | BJ53: =IF(BC53=0,"",('All Data'!Z53-'[1]DCDC Ref'!$J$28*('[1]DCDC Ref'!$J$29/100))/'[1]DCDC Ref'!$J$28*('[1]DCDC Ref'!$J$29/100)*100) -> 103.51724 | BK53: =IF(BJ53<0,10000,BJ53) -> 103.51724 | BQ53: =IFERROR(BE53*$BP$6+BK53*$BP$7,"") -> 2111506.6 | BR53: =IF(BQ53="","",RANK(BQ53,BQ$11:BQ$9930,1)+COUNTIF(BQ$11:BQ53,BQ53)-1) -> 64 | BS53: =RANK(BR53,BR$11:BR$9930,1) -> 64 | BT53: =IFERROR(INDEX($O$11:$O$1013,MATCH(ROWS($BS$11:BS53),$BS$11:$BS$1005,0)),"") -> ETQP4M2R2KFM | BU53: =IF(BT53<>"",BT53,"") -> ETQP4M2R2KFM
A54: 43 | B54: 〇 | D54: OK | F54: MP | G54: Panasonic | H54: SMD | I54: Metal Composite | J54: PCC | K54: High Isat (Standard) | L54: 6M-YLC | M54: PCC-M1060ML | N54: Yes | O54: ETQP6M3R3YLC | P54: =MID(All_PCC_a[[#This Row],[Part Number]],7,3) -> 3R3 | Q54: 3.3 | R54: =IF(All_PCC_a[[#This Row],[Lo (uH)]]<1,"<1",IF(All_PCC_a[[#This Row],[Lo (uH)]]<10,"<10",IF(All_PCC_a[[#This Row],[Lo (uH)]]<100,"<100",IF(All_PCC_a[[#This Row],[Lo (uH)]]<2000,"<2000","")))) -> <10 | S54: =IFERROR(VLOOKUP(All_PCC_a[[#This Row],[Lo (uH)]],[1]Utility!$D$5:$E$43,2,1),"-") -> ≤ 4 | T54: 0.2 | U54: 6 | V54: 6.6 | W54: 10 | X54: 17 | Y54: 14.2 | Z54: 26.3 | AA54: 19.69 | AB54: 10.9 | AC54: 10 | AD54: 6 | AE54: =ROUND(All_PCC_a[[#This Row],[L (mm)]]*All_PCC_a[[#This Row],[W (mm)]],1) -> 109 | AF54: =All_PCC_a[[#This Row],[L (mm)]]&" x "&All_PCC_a[[#This Row],[W (mm)]] -> 10,9 x 10 | AG54: 10 x 10 | AH54: =IF(All_PCC_a[[#This Row],[Max Height (mm)]]<=9,"≤ "&ROUNDUP(AD54,0),"≤"&ROUNDUP(AD54,0)) -> ≤ 6 | AI54: -40 | AJ54: 150 | AK54: =All_PCC_a[[#This Row],[Min Temp (deg.C)]]&" to +"&All_PCC_a[[#This Row],[Max Temp (deg.C)]] -> -40 to +150 | AO54: - | AP54: =IFERROR(IF(L1Round>1,ROUND(L1Round,1),L1Round),"-") -> - | AQ54: - | AR54: - | AS54: https://industrial.panasonic.com/ww/products/pt/automotive-inductors/models/ETQP6M3R3YLC | AT54: https://industrial.panasonic.com/content/data/CC/pictures/lineup-Metal-core.gif | AU54: =_xlfn.IMAGE(All_PCC_a[[#This Row],[Image URL]]) -> #NAME? | BC54: =IF(Z54<('[1]DCDC Ref'!$J$24/'[1]DCDC Ref'!$J$26)*'[1]DCDC Ref'!$J$28/100,0,1) -> 1 | BD54: =IF(BC54=1000000000,"",('All Data'!Q54-'[1]DCDC Ref'!$J$30)/'[1]DCDC Ref'!$J$30*100) -> 422.1978 | BE54: =ABS(BD54) -> 422.1978 | BH54: =IF(BG54<0,10000,BG54) -> 0 | BJ54: =IF(BC54=0,"",('All Data'!Z54-'[1]DCDC Ref'!$J$28*('[1]DCDC Ref'!$J$29/100))/'[1]DCDC Ref'!$J$28*('[1]DCDC Ref'!$J$29/100)*100) -> 135.7931 | BK54: =IF(BJ54<0,10000,BJ54) -> 135.7931 | BQ54: =IFERROR(BE54*$BP$6+BK54*$BP$7,"") -> 2111668 | BR54: =IF(BQ54="","",RANK(BQ54,BQ$11:BQ$9930,1)+COUNTIF(BQ$11:BQ54,BQ54)-1) -> 67 | BS54: =RANK(BR54,BR$11:BR$9930,1) -> 67 | BT54: =IFERROR(INDEX($O$11:$O$1013,MATCH(ROWS($BS$11:BS54),$BS$11:$BS$1005,0)),"") -> ETQP4M2R2KVK | BU54: =IF(BT54<>"",BT54,"") -> ETQP4M2R2KVK
A55: 50 | B55: 〇 | D55: OK | F55: MP | G55: Panasonic | H55: SMD | I55: Metal Composite | J55: PCC | K55: High Current (≥□12) | L55: 8M-JFA | M55: PCC-M1280MF | N55: Yes | O55: ETQP8M3R3JFA | P55: =MID(All_PCC_a[[#This Row],[Part Number]],7,3) -> 3R3 | Q55: 3.3 | R55: =IF(All_PCC_a[[#This Row],[Lo (uH)]]<1,"<1",IF(All_PCC_a[[#This Row],[Lo (uH)]]<10,"<10",IF(All_PCC_a[[#This Row],[Lo (uH)]]<100,"<100",IF(All_PCC_a[[#This Row],[Lo (uH)]]<2000,"<2000","")))) -> <10 | S55: =IFERROR(VLOOKUP(All_PCC_a[[#This Row],[Lo (uH)]],[1]Utility!$D$5:$E$43,2,1),"-") -> ≤ 4 | T55: 0.2 | U55: 3.6 | V55: 3.96 | W55: 10 | X55: 23.6 | Y55: 19.6 | Z55: 27.6 | AA55: =ROUND(19.7757437070938,2) -> 19.78 | AB55: 12.6 | AC55: 13.1 | AD55: 8 | AE55: =ROUND(All_PCC_a[[#This Row],[L (mm)]]*All_PCC_a[[#This Row],[W (mm)]],1) -> 165.1 | AF55: =All_PCC_a[[#This Row],[L (mm)]]&" x "&All_PCC_a[[#This Row],[W (mm)]] -> 12,6 x 13,1 | AG55: 12 x 12 | AH55: =IF(All_PCC_a[[#This Row],[Max Height (mm)]]<=9,"≤ "&ROUNDUP(AD55,0),"≤"&ROUNDUP(AD55,0)) -> ≤ 8 | AI55: -40 | AJ55: 160 | AK55: =All_PCC_a[[#This Row],[Min Temp (deg.C)]]&" to +"&All_PCC_a[[#This Row],[Max Temp (deg.C)]] -> -40 to +160 | AN55: 15Gと聞いたがカタログは30G | AO55: - | AP55: =IFERROR(IF(L1Round>1,ROUND(L1Round,1),L1Round),"-") -> - | AQ55: - | AR55: - | AS55: https://industrial.panasonic.com/ww/products/pt/automotive-inductors/models/ETQP8M3R3JFA | AT55: https://industrial.panasonic.com/content/data/CC/pictures/lineup-Large%20current.gif | AU55: =_xlfn.IMAGE(All_PCC_a[[#This Row],[Image URL]]) -> #NAME? | BC55: =IF(Z55<('[1]DCDC Ref'!$J$24/'[1]DCDC Ref'!$J$26)*'[1]DCDC Ref'!$J$28/100,0,1) -> 1 | BD55: =IF(BC55=1000000000,"",('All Data'!Q55-'[1]DCDC Ref'!$J$30)/'[1]DCDC Ref'!$J$30*100) -> 422.1978 | BE55: =ABS(BD55) -> 422.1978 | BH55: =IF(BG55<0,10000,BG55) -> 0 | BJ55: =IF(BC55=0,"",('All Data'!Z55-'[1]DCDC Ref'!$J$28*('[1]DCDC Ref'!$J$29/100))/'[1]DCDC Ref'!$J$28*('[1]DCDC Ref'!$J$29/100)*100) -> 147.44828 | BK55: =IF(BJ55<0,10000,BJ55) -> 147.44828 | BQ55: =IFERROR(BE55*$BP$6+BK55*$BP$7,"") -> 2111726.3 | BR55: =IF(BQ55="","",RANK(BQ55,BQ$11:BQ$9930,1)+COUNTIF(BQ$11:BQ55,BQ55)-1) -> 68 | BS55: =RANK(BR55,BR$11:BR$9930,1) -> 68 | BT55: =IFERROR(INDEX($O$11:$O$1013,MATCH(ROWS($BS$11:BS55),$BS$11:$BS$1005,0)),"") -> ETQP4M2R2KVC | BU55: =IF(BT55<>"",BT55,"") -> ETQP4M2R2KVC
A56: 55 | B56: 〇 | D56: OK | F56: MP | G56: Panasonic | H56: SMD | I56: Metal Composite | J56: PCC | K56: LP (Low Profile) | L56: 3M-KVP | M56: PCC-M0530M-LP | N56: Yes | O56: ETQP3M3R3KVP | P56: =MID(All_PCC_a[[#This Row],[Part Number]],7,3) -> 3R3 | Q56: 3.3 | R56: =IF(All_PCC_a[[#This Row],[Lo (uH)]]<1,"<1",IF(All_PCC_a[[#This Row],[Lo (uH)]]<10,"<10",IF(All_PCC_a[[#This Row],[Lo (uH)]]<100,"<100",IF(All_PCC_a[[#This Row],[Lo (uH)]]<2000,"<2000","")))) -> <10 | S56: =IFERROR(VLOOKUP(All_PCC_a[[#This Row],[Lo (uH)]],[1]Utility!$D$5:$E$43,2,1),"-") -> ≤ 4 | T56: 0.2 | U56: 27.3 | V56: 30.03 | W56: 10 | X56: 5.4 | Y56: 4.4 | Z56: 8 | AA56: 5.81 | AB56: 5.5 | AC56: 5 | AD56: 3 | AE56: =ROUND(All_PCC_a[[#This Row],[L (mm)]]*All_PCC_a[[#This Row],[W (mm)]],1) -> 27.5 | AF56: =All_PCC_a[[#This Row],[L (mm)]]&" x "&All_PCC_a[[#This Row],[W (mm)]] -> 5,5 x 5 | AG56: _5 x 5 | AH56: =IF(All_PCC_a[[#This Row],[Max Height (mm)]]<=9,"≤ "&ROUNDUP(AD56,0),"≤"&ROUNDUP(AD56,0)) -> ≤ 3 | AI56: -55 | AJ56: 155 | AK56: =All_PCC_a[[#This Row],[Min Temp (deg.C)]]&" to +"&All_PCC_a[[#This Row],[Max Temp (deg.C)]] -> -55 to +155 | AO56: - | AP56: =IFERROR(IF(L1Round>1,ROUND(L1Round,1),L1Round),"-") -> - | AQ56: - | AR56: - | AS56: https://industrial.panasonic.com/ww/products/pt/automotive-inductors/models/ETQP3M3R3KVP | AT56: https://industrial.panasonic.com/content/data/CC/pictures/lineup-LP.gif | AU56: =_xlfn.IMAGE(All_PCC_a[[#This Row],[Image URL]]) -> #NAME? | BC56: =IF(Z56<('[1]DCDC Ref'!$J$24/'[1]DCDC Ref'!$J$26)*'[1]DCDC Ref'!$J$28/100,0,1) -> 1 | BD56: =IF(BC56=1000000000,"",('All Data'!Q56-'[1]DCDC Ref'!$J$30)/'[1]DCDC Ref'!$J$30*100) -> 422.1978 | BE56: =ABS(BD56) -> 422.1978 | BH56: =IF(BG56<0,10000,BG56) -> 0 | BJ56: =IF(BC56=0,"",('All Data'!Z56-'[1]DCDC Ref'!$J$28*('[1]DCDC Ref'!$J$29/100))/'[1]DCDC Ref'!$J$28*('[1]DCDC Ref'!$J$29/100)*100) -> -28.275862 | BK56: =IF(BJ56<0,10000,BJ56) -> 10000 | BQ56: =IFERROR(BE56*$BP$6+BK56*$BP$7,"") -> 2160989 | BR56: =IF(BQ56="","",RANK(BQ56,BQ$11:BQ$9930,1)+COUNTIF(BQ$11:BQ56,BQ56)-1) -> 71 | BS56: =RANK(BR56,BR$11:BR$9930,1) -> 71 | BT56: =IFERROR(INDEX($O$11:$O$1013,MATCH(ROWS($BS$11:BS56),$BS$11:$BS$1005,0)),"") -> ETQP3M2R2YFP | BU56: =IF(BT56<>"",BT56,"") -> ETQP3M2R2YFP
A57: 66 | B57: 〇 | D57: OK | F57: MP | G57: Panasonic | H57: SMD | I57: Metal Composite | J57: PCC | K57: LP (Low Profile) | L57: 3M-KVN | M57: PCC-M0630M-LP | N57: Yes | O57: ETQP3M3R3KVN | P57: =MID(All_PCC_a[[#This Row],[Part Number]],7,3) -> 3R3 | Q57: 3.3 | R57: =IF(All_PCC_a[[#This Row],[Lo (uH)]]<1,"<1",IF(All_PCC_a[[#This Row],[Lo (uH)]]<10,"<10",IF(All_PCC_a[[#This Row],[Lo (uH)]]<100,"<100",IF(All_PCC_a[[#This Row],[Lo (uH)]]<2000,"<2000","")))) -> <10 | S57: =IFERROR(VLOOKUP(All_PCC_a[[#This Row],[Lo (uH)]],[1]Utility!$D$5:$E$43,2,1),"-") -> ≤ 4 | T57: 0.2 | U57: 24.1 | V57: 26.51 | W57: 10 | X57: 6.1 | Y57: 5 | Z57: 11.5 | AA57: 7.3 | AB57: 6.4 | AC57: 6 | AD57: 3 | AE57: =ROUND(All_PCC_a[[#This Row],[L (mm)]]*All_PCC_a[[#This Row],[W (mm)]],1) -> 38.4 | AF57: =All_PCC_a[[#This Row],[L (mm)]]&" x "&All_PCC_a[[#This Row],[W (mm)]] -> 6,4 x 6 | AG57: _6 x 6 | AH57: =IF(All_PCC_a[[#This Row],[Max Height (mm)]]<=9,"≤ "&ROUNDUP(AD57,0),"≤"&ROUNDUP(AD57,0)) -> ≤ 3 | AI57: -55 | AJ57: 155 | AK57: =All_PCC_a[[#This Row],[Min Temp (deg.C)]]&" to +"&All_PCC_a[[#This Row],[Max Temp (deg.C)]] -> -55 to +155 | AO57: - | AP57: =IFERROR(IF(L1Round>1,ROUND(L1Round,1),L1Round),"-") -> - | AQ57: - | AR57: - | AS57: https://industrial.panasonic.com/ww/products/pt/automotive-inductors/models/ETQP3M3R3KVN | AT57: https://industrial.panasonic.com/content/data/CC/pictures/lineup-LP.gif | AU57: =_xlfn.IMAGE(All_PCC_a[[#This Row],[Image URL]]) -> #NAME? | BC57: =IF(Z57<('[1]DCDC Ref'!$J$24/'[1]DCDC Ref'!$J$26)*'[1]DCDC Ref'!$J$28/100,0,1) -> 1 | BD57: =IF(BC57=1000000000,"",('All Data'!Q57-'[1]DCDC Ref'!$J$30)/'[1]DCDC Ref'!$J$30*100) -> 422.1978 | BE57: =ABS(BD57) -> 422.1978 | BH57: =IF(BG57<0,10000,BG57) -> 0 | BJ57: =IF(BC57=0,"",('All Data'!Z57-'[1]DCDC Ref'!$J$28*('[1]DCDC Ref'!$J$29/100))/'[1]DCDC Ref'!$J$28*('[1]DCDC Ref'!$J$29/100)*100) -> 3.1034483 | BK57: =IF(BJ57<0,10000,BJ57) -> 3.1034483 | BQ57: =IFERROR(BE57*$BP$6+BK57*$BP$7,"") -> 2111004.5 | BR57: =IF(BQ57="","",RANK(BQ57,BQ$11:BQ$9930,1)+COUNTIF(BQ$11:BQ57,BQ57)-1) -> 57 | BS57: =RANK(BR57,BR$11:BR$9930,1) -> 57 | BT57: =IFERROR(INDEX($O$11:$O$1013,MATCH(ROWS($BS$11:BS57),$BS$11:$BS$1005,0)),"") -> ETQP3M2R2KVP | BU57: =IF(BT57<>"",BT57,"") -> ETQP3M2R2KVP
A58: 77 | B58: 〇 | D58: OK | F58: MP | G58: Panasonic | H58: SMD | I58: Metal Composite | J58: PCC | K58: LP (Low Profile) | L58: 4M-KVK | M58: PCC-M0840M-LP | N58: Yes | O58: ETQP4M3R3KVK | P58: =MID(All_PCC_a[[#This Row],[Part Number]],7,3) -> 3R3 | Q58: 3.3 | R58: =IF(All_PCC_a[[#This Row],[Lo (uH)]]<1,"<1",IF(All_PCC_a[[#This Row],[Lo (uH)]]<10,"<10",IF(All_PCC_a[[#This Row],[Lo (uH)]]<100,"<100",IF(All_PCC_a[[#This Row],[Lo (uH)]]<2000,"<2000","")))) -> <10 | S58: =IFERROR(VLOOKUP(All_PCC_a[[#This Row],[Lo (uH)]],[1]Utility!$D$5:$E$43,2,1),"-") -> ≤ 4 | T58: 0.2 | U58: 14.1 | V58: 15.51 | W58: 10 | X58: 8.9 | Y58: 7.6 | Z58: 17.4 | AA58: 11.71 | AB58: 8.4 | AC58: 8 | AD58: 4 | AE58: =ROUND(All_PCC_a[[#This Row],[L (mm)]]*All_PCC_a[[#This Row],[W (mm)]],1) -> 67.2 | AF58: =All_PCC_a[[#This Row],[L (mm)]]&" x "&All_PCC_a[[#This Row],[W (mm)]] -> 8,4 x 8 | AG58: _8 x 8 | AH58: =IF(All_PCC_a[[#This Row],[Max Height (mm)]]<=9,"≤ "&ROUNDUP(AD58,0),"≤"&ROUNDUP(AD58,0)) -> ≤ 4 | AI58: -55 | AJ58: 155 | AK58: =All_PCC_a[[#This Row],[Min Temp (deg.C)]]&" to +"&All_PCC_a[[#This Row],[Max Temp (deg.C)]] -> -55 to +155 | AO58: - | AP58: =IFERROR(IF(L1Round>1,ROUND(L1Round,1),L1Round),"-") -> - | AQ58: - | AR58: - | AS58: https://industrial.panasonic.com/ww/products/pt/automotive-inductors/models/ETQP4M3R3KVK | AT58: https://industrial.panasonic.com/content/data/CC/pictures/lineup-LP.gif | AU58: =_xlfn.IMAGE(All_PCC_a[[#This Row],[Image URL]]) -> #NAME? | BC58: =IF(Z58<('[1]DCDC Ref'!$J$24/'[1]DCDC Ref'!$J$26)*'[1]DCDC Ref'!$J$28/100,0,1) -> 1 | BD58: =IF(BC58=1000000000,"",('All Data'!Q58-'[1]DCDC Ref'!$J$30)/'[1]DCDC Ref'!$J$30*100) -> 422.1978 | BE58: =ABS(BD58) -> 422.1978 | BH58: =IF(BG58<0,10000,BG58) -> 0 | BJ58: =IF(BC58=0,"",('All Data'!Z58-'[1]DCDC Ref'!$J$28*('[1]DCDC Ref'!$J$29/100))/'[1]DCDC Ref'!$J$28*('[1]DCDC Ref'!$J$29/100)*100) -> 56 | BK58: =IF(BJ58<0,10000,BJ58) -> 56 | BQ58: =IFERROR(BE58*$BP$6+BK58*$BP$7,"") -> 2111269 | BR58: =IF(BQ58="","",RANK(BQ58,BQ$11:BQ$9930,1)+COUNTIF(BQ$11:BQ58,BQ58)-1) -> 62 | BS58: =RANK(BR58,BR$11:BR$9930,1) -> 62 | BT58: =IFERROR(INDEX($O$11:$O$1013,MATCH(ROWS($BS$11:BS58),$BS$11:$BS$1005,0)),"") -> ETQP3M2R2HFP | BU58: =IF(BT58<>"",BT58,"") -> ETQP3M2R2HFP
A59: 89 | B59: 〇 | D59: OK | F59: MP | G59: Panasonic | H59: SMD | I59: Metal Composite | J59: PCC | K59: LP (Low Profile) | L59: 4M-KVC | M59: PCC-M1040M-LP | N59: Yes | O59: ETQP4M3R3KVC | P59: =MID(All_PCC_a[[#This Row],[Part Number]],7,3) -> 3R3 | Q59: 3.3 | R59: =IF(All_PCC_a[[#This Row],[Lo (uH)]]<1,"<1",IF(All_PCC_a[[#This Row],[Lo (uH)]]<10,"<10",IF(All_PCC_a[[#This Row],[Lo (uH)]]<100,"<100",IF(All_PCC_a[[#This Row],[Lo (uH)]]<2000,"<2000","")))) -> <10 | S59: =IFERROR(VLOOKUP(All_PCC_a[[#This Row],[Lo (uH)]],[1]Utility!$D$5:$E$43,2,1),"-") -> ≤ 4 | T59: 0.2 | U59: 9.4 | V59: 10.34 | W59: 10 | X59: 12.6 | Y59: 10.3 | Z59: 17.1 | AA59: 12.66 | AB59: 10.7 | AC59: 10 | AD59: 4 | AE59: =ROUND(All_PCC_a[[#This Row],[L (mm)]]*All_PCC_a[[#This Row],[W (mm)]],1) -> 107 | AF59: =All_PCC_a[[#This Row],[L (mm)]]&" x "&All_PCC_a[[#This Row],[W (mm)]] -> 10,7 x 10 | AG59: 10 x 10 | AH59: =IF(All_PCC_a[[#This Row],[Max Height (mm)]]<=9,"≤ "&ROUNDUP(AD59,0),"≤"&ROUNDUP(AD59,0)) -> ≤ 4 | AI59: -55 | AJ59: 155 | AK59: =All_PCC_a[[#This Row],[Min Temp (deg.C)]]&" to +"&All_PCC_a[[#This Row],[Max Temp (deg.C)]] -> -55 to +155 | AO59: - | AP59: =IFERROR(IF(L1Round>1,ROUND(L1Round,1),L1Round),"-") -> - | AQ59: - | AR59: - | AS59: https://industrial.panasonic.com/ww/products/pt/automotive-inductors/models/ETQP4M3R3KVC | AT59: https://industrial.panasonic.com/content/data/CC/pictures/lineup-LP.gif | AU59: =_xlfn.IMAGE(All_PCC_a[[#This Row],[Image URL]]) -> #NAME? | BC59: =IF(Z59<('[1]DCDC Ref'!$J$24/'[1]DCDC Ref'!$J$26)*'[1]DCDC Ref'!$J$28/100,0,1) -> 1 | BD59: =IF(BC59=1000000000,"",('All Data'!Q59-'[1]DCDC Ref'!$J$30)/'[1]DCDC Ref'!$J$30*100) -> 422.1978 | BE59: =ABS(BD59) -> 422.1978 | BH59: =IF(BG59<0,10000,BG59) -> 0 | BJ59: =IF(BC59=0,"",('All Data'!Z59-'[1]DCDC Ref'!$J$28*('[1]DCDC Ref'!$J$29/100))/'[1]DCDC Ref'!$J$28*('[1]DCDC Ref'!$J$29/100)*100) -> 53.310345 | BK59: =IF(BJ59<0,10000,BJ59) -> 53.310345 | BQ59: =IFERROR(BE59*$BP$6+BK59*$BP$7,"") -> 2111255.6 | BR59: =IF(BQ59="","",RANK(BQ59,BQ$11:BQ$9930,1)+COUNTIF(BQ$11:BQ59,BQ59)-1) -> 61 | BS59: =RANK(BR59,BR$11:BR$9930,1) -> 61 | BT59: =IFERROR(INDEX($O$11:$O$1013,MATCH(ROWS($BS$11:BS59),$BS$11:$BS$1005,0)),"") -> ETQP5M2R5YSK | BU59: =IF(BT59<>"",BT59,"") -> ETQP5M2R5YSK
A60: 97 | B60: 〇 | D60: OK | F60: MP | G60: Panasonic | H60: SMD | I60: Metal Composite | J60: PCC | K60: LE (Low Price) | L60: 4M-KFN | M60: PCC-M0648M-LE | N60: Yes | O60: ETQP4M3R3KFN | P60: =MID(All_PCC_a[[#This Row],[Part Number]],7,3) -> 3R3 | Q60: 3.3 | R60: =IF(All_PCC_a[[#This Row],[Lo (uH)]]<1,"<1",IF(All_PCC_a[[#This Row],[Lo (uH)]]<10,"<10",IF(All_PCC_a[[#This Row],[Lo (uH)]]<100,"<100",IF(All_PCC_a[[#This Row],[Lo (uH)]]<2000,"<2000","")))) -> <10 | S60: =IFERROR(VLOOKUP(All_PCC_a[[#This Row],[Lo (uH)]],[1]Utility!$D$5:$E$43,2,1),"-") -> ≤ 4 | T60: 0.2 | U60: 13.1 | V60: 14.41 | W60: 10 | X60: 9.2 | Y60: 7.2 | Z60: 12 | AA60: 8.9 | AB60: 6.4 | AC60: 6 | AD60: 4.8 | AE60: =ROUND(All_PCC_a[[#This Row],[L (mm)]]*All_PCC_a[[#This Row],[W (mm)]],1) -> 38.4 | AF60: =All_PCC_a[[#This Row],[L (mm)]]&" x "&All_PCC_a[[#This Row],[W (mm)]] -> 6,4 x 6 | AG60: _6 x 6 | AH60: =IF(All_PCC_a[[#This Row],[Max Height (mm)]]<=9,"≤ "&ROUNDUP(AD60,0),"≤"&ROUNDUP(AD60,0)) -> ≤ 5 | AI60: -40 | AJ60: 150 | AK60: =All_PCC_a[[#This Row],[Min Temp (deg.C)]]&" to +"&All_PCC_a[[#This Row],[Max Temp (deg.C)]] -> -40 to +150 | AO60: - | AP60: =IFERROR(IF(L1Round>1,ROUND(L1Round,1),L1Round),"-") -> - | AQ60: - | AR60: - | AS60: https://industrial.panasonic.com/ww/products/pt/automotive-inductors/models/ETQP4M3R3KFN | AT60: https://industrial.panasonic.com/content/data/CC/pictures/lineup-LE.gif | AU60: =_xlfn.IMAGE(All_PCC_a[[#This Row],[Image URL]]) -> #NAME? | BC60: =IF(Z60<('[1]DCDC Ref'!$J$24/'[1]DCDC Ref'!$J$26)*'[1]DCDC Ref'!$J$28/100,0,1) -> 1 | BD60: =IF(BC60=1000000000,"",('All Data'!Q60-'[1]DCDC Ref'!$J$30)/'[1]DCDC Ref'!$J$30*100) -> 422.1978 | BE60: =ABS(BD60) -> 422.1978 | BH60: =IF(BG60<0,10000,BG60) -> 0 | BJ60: =IF(BC60=0,"",('All Data'!Z60-'[1]DCDC Ref'!$J$28*('[1]DCDC Ref'!$J$29/100))/'[1]DCDC Ref'!$J$28*('[1]DCDC Ref'!$J$29/100)*100) -> 7.5862069 | BK60: =IF(BJ60<0,10000,BJ60) -> 7.5862069 | BQ60: =IFERROR(BE60*$BP$6+BK60*$BP$7,"") -> 2111026.9 | BR60: =IF(BQ60="","",RANK(BQ60,BQ$11:BQ$9930,1)+COUNTIF(BQ$11:BQ60,BQ60)-1) -> 58 | BS60: =RANK(BR60,BR$11:BR$9930,1) -> 58 | BT60: =IFERROR(INDEX($O$11:$O$1013,MATCH(ROWS($BS$11:BS60),$BS$11:$BS$1005,0)),"") -> ETQP5M2R5YFK | BU60: =IF(BT60<>"",BT60,"") -> ETQP5M2R5YFK
A61: 109 | B61: 〇 | D61: OK | F61: MP | G61: Panasonic | H61: SMD | I61: Metal Composite | J61: PCC | K61: High Isat (Standard) | L61: 5M-YFM | M61: PCC-M0754M | N61: Yes | O61: ETQP5M3R3YFM | P61: =MID(All_PCC_a[[#This Row],[Part Number]],7,3) -> 3R3 | Q61: 3.3 | R61: =IF(All_PCC_a[[#This Row],[Lo (uH)]]<1,"<1",IF(All_PCC_a[[#This Row],[Lo (uH)]]<10,"<10",IF(All_PCC_a[[#This Row],[Lo (uH)]]<100,"<100",IF(All_PCC_a[[#This Row],[Lo (uH)]]<2000,"<2000","")))) -> <10 | S61: =IFERROR(VLOOKUP(All_PCC_a[[#This Row],[Lo (uH)]],[1]Utility!$D$5:$E$43,2,1),"-") -> ≤ 4 | T61: 0.2 | U61: 11.9 | V61: =All_PCC_a[[#This Row],[DCR Typ (mOhm)]]*1.1 -> 13.09 | W61: 10 | X61: 10.4 | Y61: 8.3 | Z61: 14.4 | AA61: 10.34 | AB61: 7.5 | AC61: 7 | AD61: 5.4 | AE61: =ROUND(All_PCC_a[[#This Row],[L (mm)]]*All_PCC_a[[#This Row],[W (mm)]],1) -> 52.5 | AF61: =All_PCC_a[[#This Row],[L (mm)]]&" x "&All_PCC_a[[#This Row],[W (mm)]] -> 7,5 x 7 | AG61: _7 x 7 | AH61: =IF(All_PCC_a[[#This Row],[Max Height (mm)]]<=9,"≤ "&ROUNDUP(AD61,0),"≤"&ROUNDUP(AD61,0)) -> ≤ 6 | AI61: -40 | AJ61: 150 | AK61: =All_PCC_a[[#This Row],[Min Temp (deg.C)]]&" to +"&All_PCC_a[[#This Row],[Max Temp (deg.C)]] -> -40 to +150 | AO61: - | AP61: =IFERROR(IF(L1Round>1,ROUND(L1Round,1),L1Round),"-") -> - | AQ61: - | AR61: - | AS61: https://industrial.panasonic.com/ww/products/pt/automotive-inductors/models/ETQP5M3R3YFM | AT61: https://industrial.panasonic.com/content/data/CC/pictures/lineup-Metal-core.gif | AU61: =_xlfn.IMAGE(All_PCC_a[[#This Row],[Image URL]]) -> #NAME? | BC61: =IF(Z61<('[1]DCDC Ref'!$J$24/'[1]DCDC Ref'!$J$26)*'[1]DCDC Ref'!$J$28/100,0,1) -> 1 | BD61: =IF(BC61=1000000000,"",('All Data'!Q61-'[1]DCDC Ref'!$J$30)/'[1]DCDC Ref'!$J$30*100) -> 422.1978 | BE61: =ABS(BD61) -> 422.1978 | BH61: =IF(BG61<0,10000,BG61) -> 0 | BJ61: =IF(BC61=0,"",('All Data'!Z61-'[1]DCDC Ref'!$J$28*('[1]DCDC Ref'!$J$29/100))/'[1]DCDC Ref'!$J$28*('[1]DCDC Ref'!$J$29/100)*100) -> 29.103448 | BK61: =IF(BJ61<0,10000,BJ61) -> 29.103448 | BQ61: =IFERROR(BE61*$BP$6+BK61*$BP$7,"") -> 2111134.5 | BR61: =IF(BQ61="","",RANK(BQ61,BQ$11:BQ$9930,1)+COUNTIF(BQ$11:BQ61,BQ61)-1) -> 60 | BS61: =RANK(BR61,BR$11:BR$9930,1) -> 60 | BT61: =IFERROR(INDEX($O$11:$O$1013,MATCH(ROWS($BS$11:BS61),$BS$11:$BS$1005,0)),"") -> ETQP6M2R5YSC | BU61: =IF(BT61<>"",BT61,"") -> ETQP6M2R5YSC
A62: 110 | B62: 〇 | D62: OK | F62: MP | G62: Panasonic | H62: SMD | I62: Metal Composite | J62: PCC | K62: High Isat (Standard) | L62: 5M-YFK | M62: PCC-M0854M | N62: Yes | O62: ETQP5M3R3YFK | P62: =MID(All_PCC_a[[#This Row],[Part Number]],7,3) -> 3R3 | Q62: 3.3 | R62: =IF(All_PCC_a[[#This Row],[Lo (uH)]]<1,"<1",IF(All_PCC_a[[#This Row],[Lo (uH)]]<10,"<10",IF(All_PCC_a[[#This Row],[Lo (uH)]]<100,"<100",IF(All_PCC_a[[#This Row],[Lo (uH)]]<2000,"<2000","")))) -> <10 | S62: =IFERROR(VLOOKUP(All_PCC_a[[#This Row],[Lo (uH)]],[1]Utility!$D$5:$E$43,2,1),"-") -> ≤ 4 | T62: 0.2 | U62: 9.5 | V62: =All_PCC_a[[#This Row],[DCR Typ (mOhm)]]*1.1 -> 10.45 | W62: 10 | X62: 12.5 | Y62: 10.7 | Z62: 17.9 | AA62: 12.96 | AB62: 8.5 | AC62: 8 | AD62: 5.4 | AE62: =ROUND(All_PCC_a[[#This Row],[L (mm)]]*All_PCC_a[[#This Row],[W (mm)]],1) -> 68 | AF62: =All_PCC_a[[#This Row],[L (mm)]]&" x "&All_PCC_a[[#This Row],[W (mm)]] -> 8,5 x 8 | AG62: _8 x 8 | AH62: =IF(All_PCC_a[[#This Row],[Max Height (mm)]]<=9,"≤ "&ROUNDUP(AD62,0),"≤"&ROUNDUP(AD62,0)) -> ≤ 6 | AI62: -40 | AJ62: 150 | AK62: =All_PCC_a[[#This Row],[Min Temp (deg.C)]]&" to +"&All_PCC_a[[#This Row],[Max Temp (deg.C)]] -> -40 to +150 | AO62: - | AP62: =IFERROR(IF(L1Round>1,ROUND(L1Round,1),L1Round),"-") -> - | AQ62: - | AR62: - | AS62: https://industrial.panasonic.com/ww/products/pt/automotive-inductors/models/ETQP5M3R3YFK | AT62: https://industrial.panasonic.com/content/data/CC/pictures/lineup-Metal-core.gif | AU62: =_xlfn.IMAGE(All_PCC_a[[#This Row],[Image URL]]) -> #NAME? | BC62: =IF(Z62<('[1]DCDC Ref'!$J$24/'[1]DCDC Ref'!$J$26)*'[1]DCDC Ref'!$J$28/100,0,1) -> 1 | BD62: =IF(BC62=1000000000,"",('All Data'!Q62-'[1]DCDC Ref'!$J$30)/'[1]DCDC Ref'!$J$30*100) -> 422.1978 | BE62: =ABS(BD62) -> 422.1978 | BH62: =IF(BG62<0,10000,BG62) -> 0 | BJ62: =IF(BC62=0,"",('All Data'!Z62-'[1]DCDC Ref'!$J$28*('[1]DCDC Ref'!$J$29/100))/'[1]DCDC Ref'!$J$28*('[1]DCDC Ref'!$J$29/100)*100) -> 60.482759 | BK62: =IF(BJ62<0,10000,BJ62) -> 60.482759 | BQ62: =IFERROR(BE62*$BP$6+BK62*$BP$7,"") -> 2111291.4 | BR62: =IF(BQ62="","",RANK(BQ62,BQ$11:BQ$9930,1)+COUNTIF(BQ$11:BQ62,BQ62)-1) -> 63 | BS62: =RANK(BR62,BR$11:BR$9930,1) -> 63 | BT62: =IFERROR(INDEX($O$11:$O$1013,MATCH(ROWS($BS$11:BS62),$BS$11:$BS$1005,0)),"") -> ETQP6M2R5YLC | BU62: =IF(BT62<>"",BT62,"") -> ETQP6M2R5YLC
A63: 111 | B63: 〇 | D63: OK | F63: MP | G63: Panasonic | H63: SMD | I63: Metal Composite | J63: PCC | K63: High Isat (Standard) | L63: 5M-YGC | M63: PCC-M1050M | N63: Yes | O63: ETQP5M3R3YGC | P63: =MID(All_PCC_a[[#This Row],[Part Number]],7,3) -> 3R3 | Q63: 3.3 | R63: =IF(All_PCC_a[[#This Row],[Lo (uH)]]<1,"<1",IF(All_PCC_a[[#This Row],[Lo (uH)]]<10,"<10",IF(All_PCC_a[[#This Row],[Lo (uH)]]<100,"<100",IF(All_PCC_a[[#This Row],[Lo (uH)]]<2000,"<2000","")))) -> <10 | S63: =IFERROR(VLOOKUP(All_PCC_a[[#This Row],[Lo (uH)]],[1]Utility!$D$5:$E$43,2,1),"-") -> ≤ 4 | T63: 0.2 | U63: 7.1 | V63: 7.81 | W63: 10 | X63: 14.7 | Y63: 11.8 | Z63: 23.4 | AA63: 16.63 | AB63: 10.7 | AC63: 10 | AD63: 5 | AE63: =ROUND(All_PCC_a[[#This Row],[L (mm)]]*All_PCC_a[[#This Row],[W (mm)]],1) -> 107 | AF63: =All_PCC_a[[#This Row],[L (mm)]]&" x "&All_PCC_a[[#This Row],[W (mm)]] -> 10,7 x 10 | AG63: 10 x 10 | AH63: =IF(All_PCC_a[[#This Row],[Max Height (mm)]]<=9,"≤ "&ROUNDUP(AD63,0),"≤"&ROUNDUP(AD63,0)) -> ≤ 5 | AI63: -40 | AJ63: 150 | AK63: =All_PCC_a[[#This Row],[Min Temp (deg.C)]]&" to +"&All_PCC_a[[#This Row],[Max Temp (deg.C)]] -> -40 to +150 | AO63: - | AP63: =IFERROR(IF(L1Round>1,ROUND(L1Round,1),L1Round),"-") -> - | AQ63: - | AR63: - | AS63: https://industrial.panasonic.com/ww/products/pt/automotive-inductors/models/ETQP5M3R3YGC | AT63: https://industrial.panasonic.com/content/data/CC/pictures/lineup-Metal-core.gif | AU63: =_xlfn.IMAGE(All_PCC_a[[#This Row],[Image URL]]) -> #NAME? | BC63: =IF(Z63<('[1]DCDC Ref'!$J$24/'[1]DCDC Ref'!$J$26)*'[1]DCDC Ref'!$J$28/100,0,1) -> 1 | BD63: =IF(BC63=1000000000,"",('All Data'!Q63-'[1]DCDC Ref'!$J$30)/'[1]DCDC Ref'!$J$30*100) -> 422.1978 | BE63: =ABS(BD63) -> 422.1978 | BH63: =IF(BG63<0,10000,BG63) -> 0 | BJ63: =IF(BC63=0,"",('All Data'!Z63-'[1]DCDC Ref'!$J$28*('[1]DCDC Ref'!$J$29/100))/'[1]DCDC Ref'!$J$28*('[1]DCDC Ref'!$J$29/100)*100) -> 109.7931 | BK63: =IF(BJ63<0,10000,BJ63) -> 109.7931 | BQ63: =IFERROR(BE63*$BP$6+BK63*$BP$7,"") -> 2111538 | BR63: =IF(BQ63="","",RANK(BQ63,BQ$11:BQ$9930,1)+COUNTIF(BQ$11:BQ63,BQ63)-1) -> 66 | BS63: =RANK(BR63,BR$11:BR$9930,1) -> 66 | BT63: =IFERROR(INDEX($O$11:$O$1013,MATCH(ROWS($BS$11:BS63),$BS$11:$BS$1005,0)),"") -> ETQP5M2R5YFC | BU63: =IF(BT63<>"",BT63,"") -> ETQP5M2R5YFC
A64: 11 | B64: 〇 | D64: OK | F64: MP | G64: Panasonic | H64: SMD | I64: Metal Composite | J64: PCC | K64: High Isat (Standard) | L64: 4M-YFP | M64: PCC-M0540M | N64: Yes | O64: ETQP4M4R7YFP | P64: =MID(All_PCC_a[[#This Row],[Part Number]],7,3) -> 4R7 | Q64: 4.7 | R64: =IF(All_PCC_a[[#This Row],[Lo (uH)]]<1,"<1",IF(All_PCC_a[[#This Row],[Lo (uH)]]<10,"<10",IF(All_PCC_a[[#This Row],[Lo (uH)]]<100,"<100",IF(All_PCC_a[[#This Row],[Lo (uH)]]<2000,"<2000","")))) -> <10 | S64: =IFERROR(VLOOKUP(All_PCC_a[[#This Row],[Lo (uH)]],[1]Utility!$D$5:$E$43,2,1),"-") -> ≤ 5 | T64: 0.2 | U64: 36 | V64: 39.6 | W64: 10 | X64: 4.8 | Y64: 4 | Z64: 7.7 | AA64: 5.6 | AB64: 5.5 | AC64: 5 | AD64: 4 | AE64: =ROUND(All_PCC_a[[#This Row],[L (mm)]]*All_PCC_a[[#This Row],[W (mm)]],1) -> 27.5 | AF64: =All_PCC_a[[#This Row],[L (mm)]]&" x "&All_PCC_a[[#This Row],[W (mm)]] -> 5,5 x 5 | AG64: _5 x 5 | AH64: =IF(All_PCC_a[[#This Row],[Max Height (mm)]]<=9,"≤ "&ROUNDUP(AD64,0),"≤"&ROUNDUP(AD64,0)) -> ≤ 4 | AI64: -40 | AJ64: 150 | AK64: =All_PCC_a[[#This Row],[Min Temp (deg.C)]]&" to +"&All_PCC_a[[#This Row],[Max Temp (deg.C)]] -> -40 to +150 | AO64: - | AP64: =IFERROR(IF(L1Round>1,ROUND(L1Round,1),L1Round),"-") -> - | AQ64: - | AR64: - | AS64: https://industrial.panasonic.com/ww/products/pt/automotive-inductors/models/ETQP4M4R7YFP | AT64: https://industrial.panasonic.com/content/data/CC/pictures/lineup-Metal-core.gif | AU64: =_xlfn.IMAGE(All_PCC_a[[#This Row],[Image URL]]) -> #NAME? | BC64: =IF(Z64<('[1]DCDC Ref'!$J$24/'[1]DCDC Ref'!$J$26)*'[1]DCDC Ref'!$J$28/100,0,1) -> 1 | BD64: =IF(BC64=1000000000,"",('All Data'!Q64-'[1]DCDC Ref'!$J$30)/'[1]DCDC Ref'!$J$30*100) -> 643.73626 | BE64: =ABS(BD64) -> 643.73626 | BH64: =IF(BG64<0,10000,BG64) -> 0 | BJ64: =IF(BC64=0,"",('All Data'!Z64-'[1]DCDC Ref'!$J$28*('[1]DCDC Ref'!$J$29/100))/'[1]DCDC Ref'!$J$28*('[1]DCDC Ref'!$J$29/100)*100) -> -30.965517 | BK64: =IF(BJ64<0,10000,BJ64) -> 10000 | BQ64: =IFERROR(BE64*$BP$6+BK64*$BP$7,"") -> 3268681.3 | BR64: =IF(BQ64="","",RANK(BQ64,BQ$11:BQ$9930,1)+COUNTIF(BQ$11:BQ64,BQ64)-1) -> 79 | BS64: =RANK(BR64,BR$11:BR$9930,1) -> 79 | BT64: =IFERROR(INDEX($O$11:$O$1013,MATCH(ROWS($BS$11:BS64),$BS$11:$BS$1005,0)),"") -> ETQP5M2R5YTC | BU64: =IF(BT64<>"",BT64,"") -> ETQP5M2R5YTC
A65: 16 | B65: 〇 | D65: OK | F65: MP | G65: Panasonic | H65: SMD | I65: Metal Composite | J65: PCC | K65: High Isat (Standard) | L65: 5M-YFC | M65: PCC-M1054M | N65: Yes | O65: ETQP5M4R7YFC | P65: =MID(All_PCC_a[[#This Row],[Part Number]],7,3) -> 4R7 | Q65: 4.7 | R65: =IF(All_PCC_a[[#This Row],[Lo (uH)]]<1,"<1",IF(All_PCC_a[[#This Row],[Lo (uH)]]<10,"<10",IF(All_PCC_a[[#This Row],[Lo (uH)]]<100,"<100",IF(All_PCC_a[[#This Row],[Lo (uH)]]<2000,"<2000","")))) -> <10 | S65: =IFERROR(VLOOKUP(All_PCC_a[[#This Row],[Lo (uH)]],[1]Utility!$D$5:$E$43,2,1),"-") -> ≤ 5 | T65: 0.2 | U65: 10.2 | V65: 11.3 | W65: 10 | X65: 13.1 | Y65: 10.9 | Z65: 20 | AA65: 14.75 | AB65: 10.7 | AC65: 10 | AD65: 5.4 | AE65: =ROUND(All_PCC_a[[#This Row],[L (mm)]]*All_PCC_a[[#This Row],[W (mm)]],1) -> 107 | AF65: =All_PCC_a[[#This Row],[L (mm)]]&" x "&All_PCC_a[[#This Row],[W (mm)]] -> 10,7 x 10 | AG65: 10 x 10 | AH65: =IF(All_PCC_a[[#This Row],[Max Height (mm)]]<=9,"≤ "&ROUNDUP(AD65,0),"≤"&ROUNDUP(AD65,0)) -> ≤ 6 | AI65: -40 | AJ65: 150 | AK65: =All_PCC_a[[#This Row],[Min Temp (deg.C)]]&" to +"&All_PCC_a[[#This Row],[Max Temp (deg.C)]] -> -40 to +150 | AO65: - | AP65: =IFERROR(IF(L1Round>1,ROUND(L1Round,1),L1Round),"-") -> - | AQ65: - | AR65: - | AS65: https://industrial.panasonic.com/ww/products/pt/automotive-inductors/models/ETQP5M4R7YFC | AT65: https://industrial.panasonic.com/content/data/CC/pictures/lineup-Metal-core.gif | AU65: =_xlfn.IMAGE(All_PCC_a[[#This Row],[Image URL]]) -> #NAME? | BC65: =IF(Z65<('[1]DCDC Ref'!$J$24/'[1]DCDC Ref'!$J$26)*'[1]DCDC Ref'!$J$28/100,0,1) -> 1 | BD65: =IF(BC65=1000000000,"",('All Data'!Q65-'[1]DCDC Ref'!$J$30)/'[1]DCDC Ref'!$J$30*100) -> 643.73626 | BE65: =ABS(BD65) -> 643.73626 | BH65: =IF(BG65<0,10000,BG65) -> 0 | BJ65: =IF(BC65=0,"",('All Data'!Z65-'[1]DCDC Ref'!$J$28*('[1]DCDC Ref'!$J$29/100))/'[1]DCDC Ref'!$J$28*('[1]DCDC Ref'!$J$29/100)*100) -> 79.310345 | BK65: =IF(BJ65<0,10000,BJ65) -> 79.310345 | BQ65: =IFERROR(BE65*$BP$6+BK65*$BP$7,"") -> 3219077.9 | BR65: =IF(BQ65="","",RANK(BQ65,BQ$11:BQ$9930,1)+COUNTIF(BQ$11:BQ65,BQ65)-1) -> 75 | BS65: =RANK(BR65,BR$11:BR$9930,1) -> 75 | BT65: =IFERROR(INDEX($O$11:$O$1013,MATCH(ROWS($BS$11:BS65),$BS$11:$BS$1005,0)),"") -> ETQP8M2R5JFA | BU65: =IF(BT65<>"",BT65,"") -> ETQP8M2R5JFA
A66: 30 | B66: 〇 | D66: OK | F66: MP | G66: Panasonic | H66: SMD | I66: Metal Composite | J66: PCC | K66: High Isat (Standard) | L66: 5M-YFM | M66: PCC-M0754M | N66: Yes | O66: ETQP5M4R7YFM | P66: =MID(All_PCC_a[[#This Row],[Part Number]],7,3) -> 4R7 | Q66: 4.7 | R66: =IF(All_PCC_a[[#This Row],[Lo (uH)]]<1,"<1",IF(All_PCC_a[[#This Row],[Lo (uH)]]<10,"<10",IF(All_PCC_a[[#This Row],[Lo (uH)]]<100,"<100",IF(All_PCC_a[[#This Row],[Lo (uH)]]<2000,"<2000","")))) -> <10 | S66: =IFERROR(VLOOKUP(All_PCC_a[[#This Row],[Lo (uH)]],[1]Utility!$D$5:$E$43,2,1),"-") -> ≤ 5 | T66: 0.2 | U66: 20.4 | V66: 22.5 | W66: 10 | X66: 8 | Y66: 6.3 | Z66: 13.1 | AA66: 9.45 | AB66: 7.5 | AC66: 7 | AD66: 5.4 | AE66: =ROUND(All_PCC_a[[#This Row],[L (mm)]]*All_PCC_a[[#This Row],[W (mm)]],1) -> 52.5 | AF66: =All_PCC_a[[#This Row],[L (mm)]]&" x "&All_PCC_a[[#This Row],[W (mm)]] -> 7,5 x 7 | AG66: _7 x 7 | AH66: =IF(All_PCC_a[[#This Row],[Max Height (mm)]]<=9,"≤ "&ROUNDUP(AD66,0),"≤"&ROUNDUP(AD66,0)) -> ≤ 6 | AI66: -40 | AJ66: 150 | AK66: =All_PCC_a[[#This Row],[Min Temp (deg.C)]]&" to +"&All_PCC_a[[#This Row],[Max Temp (deg.C)]] -> -40 to +150 | AO66: - | AP66: =IFERROR(IF(L1Round>1,ROUND(L1Round,1),L1Round),"-") -> - | AQ66: - | AR66: - | AS66: https://industrial.panasonic.com/ww/products/pt/automotive-inductors/models/ETQP5M4R7YFM | AT66: https://industrial.panasonic.com/content/data/CC/pictures/lineup-Metal-core.gif | AU66: =_xlfn.IMAGE(All_PCC_a[[#This Row],[Image URL]]) -> #NAME? | BC66: =IF(Z66<('[1]DCDC Ref'!$J$24/'[1]DCDC Ref'!$J$26)*'[1]DCDC Ref'!$J$28/100,0,1) -> 1 | BD66: =IF(BC66=1000000000,"",('All Data'!Q66-'[1]DCDC Ref'!$J$30)/'[1]DCDC Ref'!$J$30*100) -> 643.73626 | BE66: =ABS(BD66) -> 643.73626 | BH66: =IF(BG66<0,10000,BG66) -> 0 | BJ66: =IF(BC66=0,"",('All Data'!Z66-'[1]DCDC Ref'!$J$28*('[1]DCDC Ref'!$J$29/100))/'[1]DCDC Ref'!$J$28*('[1]DCDC Ref'!$J$29/100)*100) -> 17.448276 | BK66: =IF(BJ66<0,10000,BJ66) -> 17.448276 | BQ66: =IFERROR(BE66*$BP$6+BK66*$BP$7,"") -> 3218768.6 | BR66: =IF(BQ66="","",RANK(BQ66,BQ$11:BQ$9930,1)+COUNTIF(BQ$11:BQ66,BQ66)-1) -> 72 | BS66: =RANK(BR66,BR$11:BR$9930,1) -> 72 | BT66: =IFERROR(INDEX($O$11:$O$1013,MATCH(ROWS($BS$11:BS66),$BS$11:$BS$1005,0)),"") -> ETQPAM2R5JFW | BU66: =IF(BT66<>"",BT66,"") -> ETQPAM2R5JFW
A67: 44 | B67: 〇 | D67: OK | F67: MP | G67: Panasonic | H67: SMD | I67: Metal Composite | J67: PCC | K67: High Isat (Standard) | L67: 6M-YLC | M67: PCC-M1060ML | N67: Yes | O67: ETQP6M4R7YLC | P67: =MID(All_PCC_a[[#This Row],[Part Number]],7,3) -> 4R7 | Q67: 4.7 | R67: =IF(All_PCC_a[[#This Row],[Lo (uH)]]<1,"<1",IF(All_PCC_a[[#This Row],[Lo (uH)]]<10,"<10",IF(All_PCC_a[[#This Row],[Lo (uH)]]<100,"<100",IF(All_PCC_a[[#This Row],[Lo (uH)]]<2000,"<2000","")))) -> <10 | S67: =IFERROR(VLOOKUP(All_PCC_a[[#This Row],[Lo (uH)]],[1]Utility!$D$5:$E$43,2,1),"-") -> ≤ 5 | T67: 0.2 | U67: 8.7 | V67: 9.57 | W67: 10 | X67: 14.1 | Y67: 11.8 | Z67: 22.5 | AA67: 15.17 | AB67: 10.9 | AC67: 10 | AD67: 6 | AE67: =ROUND(All_PCC_a[[#This Row],[L (mm)]]*All_PCC_a[[#This Row],[W (mm)]],1) -> 109 | AF67: =All_PCC_a[[#This Row],[L (mm)]]&" x "&All_PCC_a[[#This Row],[W (mm)]] -> 10,9 x 10 | AG67: 10 x 10 | AH67: =IF(All_PCC_a[[#This Row],[Max Height (mm)]]<=9,"≤ "&ROUNDUP(AD67,0),"≤"&ROUNDUP(AD67,0)) -> ≤ 6 | AI67: -40 | AJ67: 150 | AK67: =All_PCC_a[[#This Row],[Min Temp (deg.C)]]&" to +"&All_PCC_a[[#This Row],[Max Temp (deg.C)]] -> -40 to +150 | AO67: - | AP67: =IFERROR(IF(L1Round>1,ROUND(L1Round,1),L1Round),"-") -> - | AQ67: - | AR67: - | AS67: https://industrial.panasonic.com/ww/products/pt/automotive-inductors/models/ETQP6M4R7YLC | AT67: https://industrial.panasonic.com/content/data/CC/pictures/lineup-Metal-core.gif | AU67: =_xlfn.IMAGE(All_PCC_a[[#This Row],[Image URL]]) -> #NAME? | BC67: =IF(Z67<('[1]DCDC Ref'!$J$24/'[1]DCDC Ref'!$J$26)*'[1]DCDC Ref'!$J$28/100,0,1) -> 1 | BD67: =IF(BC67=1000000000,"",('All Data'!Q67-'[1]DCDC Ref'!$J$30)/'[1]DCDC Ref'!$J$30*100) -> 643.73626 | BE67: =ABS(BD67) -> 643.73626 | BH67: =IF(BG67<0,10000,BG67) -> 0 | BJ67: =IF(BC67=0,"",('All Data'!Z67-'[1]DCDC Ref'!$J$28*('[1]DCDC Ref'!$J$29/100))/'[1]DCDC Ref'!$J$28*('[1]DCDC Ref'!$J$29/100)*100) -> 101.72414 | BK67: =IF(BJ67<0,10000,BJ67) -> 101.72414 | BQ67: =IFERROR(BE67*$BP$6+BK67*$BP$7,"") -> 3219189.9 | BR67: =IF(BQ67="","",RANK(BQ67,BQ$11:BQ$9930,1)+COUNTIF(BQ$11:BQ67,BQ67)-1) -> 76 | BS67: =RANK(BR67,BR$11:BR$9930,1) -> 76 | BT67: =IFERROR(INDEX($O$11:$O$1013,MATCH(ROWS($BS$11:BS67),$BS$11:$BS$1005,0)),"") -> ETQP3M3R3KVN | BU67: =IF(BT67<>"",BT67,"") -> ETQP3M3R3KVN
A68: 51 | B68: 〇 | D68: OK | F68: MP | G68: Panasonic | H68: SMD | I68: Metal Composite | J68: PCC | K68: High Current (≥□12) | L68: 8M-JFA | M68: PCC-M1280MF | N68: Yes | O68: ETQP8M4R7JFA | P68: =MID(All_PCC_a[[#This Row],[Part Number]],7,3) -> 4R7 | Q68: 4.7 | R68: =IF(All_PCC_a[[#This Row],[Lo (uH)]]<1,"<1",IF(All_PCC_a[[#This Row],[Lo (uH)]]<10,"<10",IF(All_PCC_a[[#This Row],[Lo (uH)]]<100,"<100",IF(All_PCC_a[[#This Row],[Lo (uH)]]<2000,"<2000","")))) -> <10 | S68: =IFERROR(VLOOKUP(All_PCC_a[[#This Row],[Lo (uH)]],[1]Utility!$D$5:$E$43,2,1),"-") -> ≤ 5 | T68: 0.2 | U68: 4.9 | V68: 5.39 | W68: 10 | X68: 20.2 | Y68: 16.8 | Z68: 24.7 | AA68: =ROUND(17.6035242290749,2) -> 17.6 | AB68: 12.6 | AC68: 13.1 | AD68: 8 | AE68: =ROUND(All_PCC_a[[#This Row],[L (mm)]]*All_PCC_a[[#This Row],[W (mm)]],1) -> 165.1 | AF68: =All_PCC_a[[#This Row],[L (mm)]]&" x "&All_PCC_a[[#This Row],[W (mm)]] -> 12,6 x 13,1 | AG68: 12 x 12 | AH68: =IF(All_PCC_a[[#This Row],[Max Height (mm)]]<=9,"≤ "&ROUNDUP(AD68,0),"≤"&ROUNDUP(AD68,0)) -> ≤ 8 | AI68: -40 | AJ68: 160 | AK68: =All_PCC_a[[#This Row],[Min Temp (deg.C)]]&" to +"&All_PCC_a[[#This Row],[Max Temp (deg.C)]] -> -40 to +160 | AN68: 15Gと聞いたがカタログは30G | AO68: - | AP68: =IFERROR(IF(L1Round>1,ROUND(L1Round,1),L1Round),"-") -> - | AQ68: - | AR68: - | AS68: https://industrial.panasonic.com/ww/products/pt/automotive-inductors/models/ETQP8M4R7JFA | AT68: https://industrial.panasonic.com/content/data/CC/pictures/lineup-Large%20current.gif | AU68: =_xlfn.IMAGE(All_PCC_a[[#This Row],[Image URL]]) -> #NAME? | BC68: =IF(Z68<('[1]DCDC Ref'!$J$24/'[1]DCDC Ref'!$J$26)*'[1]DCDC Ref'!$J$28/100,0,1) -> 1 | BD68: =IF(BC68=1000000000,"",('All Data'!Q68-'[1]DCDC Ref'!$J$30)/'[1]DCDC Ref'!$J$30*100) -> 643.73626 | BE68: =ABS(BD68) -> 643.73626 | BH68: =IF(BG68<0,10000,BG68) -> 0 | BJ68: =IF(BC68=0,"",('All Data'!Z68-'[1]DCDC Ref'!$J$28*('[1]DCDC Ref'!$J$29/100))/'[1]DCDC Ref'!$J$28*('[1]DCDC Ref'!$J$29/100)*100) -> 121.44828 | BK68: =IF(BJ68<0,10000,BJ68) -> 121.44828 | BQ68: =IFERROR(BE68*$BP$6+BK68*$BP$7,"") -> 3219288.6 | BR68: =IF(BQ68="","",RANK(BQ68,BQ$11:BQ$9930,1)+COUNTIF(BQ$11:BQ68,BQ68)-1) -> 77 | BS68: =RANK(BR68,BR$11:BR$9930,1) -> 77 | BT68: =IFERROR(INDEX($O$11:$O$1013,MATCH(ROWS($BS$11:BS68),$BS$11:$BS$1005,0)),"") -> ETQP4M3R3KFN | BU68: =IF(BT68<>"",BT68,"") -> ETQP4M3R3KFN
A69: 54 | B69: 〇 | D69: OK | F69: MP | G69: Panasonic | H69: SMD | I69: Metal Composite | J69: PCC | K69: LP (Low Profile) | L69: 3M-KVP | M69: PCC-M0530M-LP | N69: Yes | O69: ETQP3M4R7KVP | P69: =MID(All_PCC_a[[#This Row],[Part Number]],7,3) -> 4R7 | Q69: 4.7 | R69: =IF(All_PCC_a[[#This Row],[Lo (uH)]]<1,"<1",IF(All_PCC_a[[#This Row],[Lo (uH)]]<10,"<10",IF(All_PCC_a[[#This Row],[Lo (uH)]]<100,"<100",IF(All_PCC_a[[#This Row],[Lo (uH)]]<2000,"<2000","")))) -> <10 | S69: =IFERROR(VLOOKUP(All_PCC_a[[#This Row],[Lo (uH)]],[1]Utility!$D$5:$E$43,2,1),"-") -> ≤ 5 | T69: 0.2 | U69: 45.6 | V69: 50.16 | W69: 10 | X69: 4.1 | Y69: 3.4 | Z69: 6.7 | AA69: 5.4 | AB69: 5.5 | AC69: 5 | AD69: 3 | AE69: =ROUND(All_PCC_a[[#This Row],[L (mm)]]*All_PCC_a[[#This Row],[W (mm)]],1) -> 27.5 | AF69: =All_PCC_a[[#This Row],[L (mm)]]&" x "&All_PCC_a[[#This Row],[W (mm)]] -> 5,5 x 5 | AG69: _5 x 5 | AH69: =IF(All_PCC_a[[#This Row],[Max Height (mm)]]<=9,"≤ "&ROUNDUP(AD69,0),"≤"&ROUNDUP(AD69,0)) -> ≤ 3 | AI69: -55 | AJ69: 155 | AK69: =All_PCC_a[[#This Row],[Min Temp (deg.C)]]&" to +"&All_PCC_a[[#This Row],[Max Temp (deg.C)]] -> -55 to +155 | AO69: - | AP69: =IFERROR(IF(L1Round>1,ROUND(L1Round,1),L1Round),"-") -> - | AQ69: - | AR69: - | AS69: https://industrial.panasonic.com/ww/products/pt/automotive-inductors/models/ETQP3M4R7KVP | AT69: https://industrial.panasonic.com/content/data/CC/pictures/lineup-LP.gif | AU69: =_xlfn.IMAGE(All_PCC_a[[#This Row],[Image URL]]) -> #NAME? | BC69: =IF(Z69<('[1]DCDC Ref'!$J$24/'[1]DCDC Ref'!$J$26)*'[1]DCDC Ref'!$J$28/100,0,1) -> 1 | BD69: =IF(BC69=1000000000,"",('All Data'!Q69-'[1]DCDC Ref'!$J$30)/'[1]DCDC Ref'!$J$30*100) -> 643.73626 | BE69: =ABS(BD69) -> 643.73626 | BH69: =IF(BG69<0,10000,BG69) -> 0 | BJ69: =IF(BC69=0,"",('All Data'!Z69-'[1]DCDC Ref'!$J$28*('[1]DCDC Ref'!$J$29/100))/'[1]DCDC Ref'!$J$28*('[1]DCDC Ref'!$J$29/100)*100) -> -39.931034 | BK69: =IF(BJ69<0,10000,BJ69) -> 10000 | BQ69: =IFERROR(BE69*$BP$6+BK69*$BP$7,"") -> 3268681.3 | BR69: =IF(BQ69="","",RANK(BQ69,BQ$11:BQ$9930,1)+COUNTIF(BQ$11:BQ69,BQ69)-1) -> 80 | BS69: =RANK(BR69,BR$11:BR$9930,1) -> 80 | BT69: =IFERROR(INDEX($O$11:$O$1013,MATCH(ROWS($BS$11:BS69),$BS$11:$BS$1005,0)),"") -> ETQP4M3R3YFN | BU69: =IF(BT69<>"",BT69,"") -> ETQP4M3R3YFN
A70: 65 | B70: 〇 | D70: OK | F70: MP | G70: Panasonic | H70: SMD | I70: Metal Composite | J70: PCC | K70: LP (Low Profile) | L70: 3M-KVN | M70: PCC-M0630M-LP | N70: Yes | O70: ETQP3M4R7KVN | P70: =MID(All_PCC_a[[#This Row],[Part Number]],7,3) -> 4R7 | Q70: 4.7 | R70: =IF(All_PCC_a[[#This Row],[Lo (uH)]]<1,"<1",IF(All_PCC_a[[#This Row],[Lo (uH)]]<10,"<10",IF(All_PCC_a[[#This Row],[Lo (uH)]]<100,"<100",IF(All_PCC_a[[#This Row],[Lo (uH)]]<2000,"<2000","")))) -> <10 | S70: =IFERROR(VLOOKUP(All_PCC_a[[#This Row],[Lo (uH)]],[1]Utility!$D$5:$E$43,2,1),"-") -> ≤ 5 | T70: 0.2 | U70: 29 | V70: 31.9 | W70: 10 | X70: 5.6 | Y70: 4.6 | Z70: 9.8 | AA70: 7.19 | AB70: 6.4 | AC70: 6 | AD70: 3 | AE70: =ROUND(All_PCC_a[[#This Row],[L (mm)]]*All_PCC_a[[#This Row],[W (mm)]],1) -> 38.4 | AF70: =All_PCC_a[[#This Row],[L (mm)]]&" x "&All_PCC_a[[#This Row],[W (mm)]] -> 6,4 x 6 | AG70: _6 x 6 | AH70: =IF(All_PCC_a[[#This Row],[Max Height (mm)]]<=9,"≤ "&ROUNDUP(AD70,0),"≤"&ROUNDUP(AD70,0)) -> ≤ 3 | AI70: -55 | AJ70: 155 | AK70: =All_PCC_a[[#This Row],[Min Temp (deg.C)]]&" to +"&All_PCC_a[[#This Row],[Max Temp (deg.C)]] -> -55 to +155 | AO70: - | AP70: =IFERROR(IF(L1Round>1,ROUND(L1Round,1),L1Round),"-") -> - | AQ70: - | AR70: - | AS70: https://industrial.panasonic.com/ww/products/pt/automotive-inductors/models/ETQP3M4R7KVN | AT70: https://industrial.panasonic.com/content/data/CC/pictures/lineup-LP.gif | AU70: =_xlfn.IMAGE(All_PCC_a[[#This Row],[Image URL]]) -> #NAME? | BC70: =IF(Z70<('[1]DCDC Ref'!$J$24/'[1]DCDC Ref'!$J$26)*'[1]DCDC Ref'!$J$28/100,0,1) -> 1 | BD70: =IF(BC70=1000000000,"",('All Data'!Q70-'[1]DCDC Ref'!$J$30)/'[1]DCDC Ref'!$J$30*100) -> 643.73626 | BE70: =ABS(BD70) -> 643.73626 | BH70: =IF(BG70<0,10000,BG70) -> 0 | BJ70: =IF(BC70=0,"",('All Data'!Z70-'[1]DCDC Ref'!$J$28*('[1]DCDC Ref'!$J$29/100))/'[1]DCDC Ref'!$J$28*('[1]DCDC Ref'!$J$29/100)*100) -> -12.137931 | BK70: =IF(BJ70<0,10000,BJ70) -> 10000 | BQ70: =IFERROR(BE70*$BP$6+BK70*$BP$7,"") -> 3268681.3 | BR70: =IF(BQ70="","",RANK(BQ70,BQ$11:BQ$9930,1)+COUNTIF(BQ$11:BQ70,BQ70)-1) -> 81 | BS70: =RANK(BR70,BR$11:BR$9930,1) -> 81 | BT70: =IFERROR(INDEX($O$11:$O$1013,MATCH(ROWS($BS$11:BS70),$BS$11:$BS$1005,0)),"") -> ETQP5M3R3YFM | BU70: =IF(BT70<>"",BT70,"") -> ETQP5M3R3YFM
A71: 76 | B71: 〇 | D71: OK | F71: MP | G71: Panasonic | H71: SMD | I71: Metal Composite | J71: PCC | K71: LP (Low Profile) | L71: 4M-KVK | M71: PCC-M0840M-LP | N71: Yes | O71: ETQP4M4R7KVK | P71: =MID(All_PCC_a[[#This Row],[Part Number]],7,3) -> 4R7 | Q71: 4.7 | R71: =IF(All_PCC_a[[#This Row],[Lo (uH)]]<1,"<1",IF(All_PCC_a[[#This Row],[Lo (uH)]]<10,"<10",IF(All_PCC_a[[#This Row],[Lo (uH)]]<100,"<100",IF(All_PCC_a[[#This Row],[Lo (uH)]]<2000,"<2000","")))) -> <10 | S71: =IFERROR(VLOOKUP(All_PCC_a[[#This Row],[Lo (uH)]],[1]Utility!$D$5:$E$43,2,1),"-") -> ≤ 5 | T71: 0.2 | U71: 16.1 | V71: 17.71 | W71: 10 | X71: 8.3 | Y71: 7.1 | Z71: 15.1 | AA71: 9.24 | AB71: 8.4 | AC71: 8 | AD71: 4 | AE71: =ROUND(All_PCC_a[[#This Row],[L (mm)]]*All_PCC_a[[#This Row],[W (mm)]],1) -> 67.2 | AF71: =All_PCC_a[[#This Row],[L (mm)]]&" x "&All_PCC_a[[#This Row],[W (mm)]] -> 8,4 x 8 | AG71: _8 x 8 | AH71: =IF(All_PCC_a[[#This Row],[Max Height (mm)]]<=9,"≤ "&ROUNDUP(AD71,0),"≤"&ROUNDUP(AD71,0)) -> ≤ 4 | AI71: -55 | AJ71: 155 | AK71: =All_PCC_a[[#This Row],[Min Temp (deg.C)]]&" to +"&All_PCC_a[[#This Row],[Max Temp (deg.C)]] -> -55 to +155 | AO71: - | AP71: =IFERROR(IF(L1Round>1,ROUND(L1Round,1),L1Round),"-") -> - | AQ71: - | AR71: - | AS71: https://industrial.panasonic.com/ww/products/pt/automotive-inductors/models/ETQP4M4R7KVK | AT71: https://industrial.panasonic.com/content/data/CC/pictures/lineup-LP.gif | AU71: =_xlfn.IMAGE(All_PCC_a[[#This Row],[Image URL]]) -> #NAME? | BC71: =IF(Z71<('[1]DCDC Ref'!$J$24/'[1]DCDC Ref'!$J$26)*'[1]DCDC Ref'!$J$28/100,0,1) -> 1 | BD71: =IF(BC71=1000000000,"",('All Data'!Q71-'[1]DCDC Ref'!$J$30)/'[1]DCDC Ref'!$J$30*100) -> 643.73626 | BE71: =ABS(BD71) -> 643.73626 | BH71: =IF(BG71<0,10000,BG71) -> 0 | BJ71: =IF(BC71=0,"",('All Data'!Z71-'[1]DCDC Ref'!$J$28*('[1]DCDC Ref'!$J$29/100))/'[1]DCDC Ref'!$J$28*('[1]DCDC Ref'!$J$29/100)*100) -> 35.37931 | BK71: =IF(BJ71<0,10000,BJ71) -> 35.37931 | BQ71: =IFERROR(BE71*$BP$6+BK71*$BP$7,"") -> 3218858.2 | BR71: =IF(BQ71="","",RANK(BQ71,BQ$11:BQ$9930,1)+COUNTIF(BQ$11:BQ71,BQ71)-1) -> 74 | BS71: =RANK(BR71,BR$11:BR$9930,1) -> 74 | BT71: =IFERROR(INDEX($O$11:$O$1013,MATCH(ROWS($BS$11:BS71),$BS$11:$BS$1005,0)),"") -> ETQP4M3R3KVC | BU71: =IF(BT71<>"",BT71,"") -> ETQP4M3R3KVC
A72: 88 | B72: 〇 | D72: OK | F72: MP | G72: Panasonic | H72: SMD | I72: Metal Composite | J72: PCC | K72: LP (Low Profile) | L72: 4M-KVC | M72: PCC-M1040M-LP | N72: Yes | O72: ETQP4M4R7KVC | P72: =MID(All_PCC_a[[#This Row],[Part Number]],7,3) -> 4R7 | Q72: 4.7 | R72: =IF(All_PCC_a[[#This Row],[Lo (uH)]]<1,"<1",IF(All_PCC_a[[#This Row],[Lo (uH)]]<10,"<10",IF(All_PCC_a[[#This Row],[Lo (uH)]]<100,"<100",IF(All_PCC_a[[#This Row],[Lo (uH)]]<2000,"<2000","")))) -> <10 | S72: =IFERROR(VLOOKUP(All_PCC_a[[#This Row],[Lo (uH)]],[1]Utility!$D$5:$E$43,2,1),"-") -> ≤ 5 | T72: 0.2 | U72: 12.3 | V72: 13.53 | W72: 10 | X72: 11.2 | Y72: 9.2 | Z72: 13.9 | AA72: 10.58 | AB72: 10.7 | AC72: 10 | AD72: 4 | AE72: =ROUND(All_PCC_a[[#This Row],[L (mm)]]*All_PCC_a[[#This Row],[W (mm)]],1) -> 107 | AF72: =All_PCC_a[[#This Row],[L (mm)]]&" x "&All_PCC_a[[#This Row],[W (mm)]] -> 10,7 x 10 | AG72: 10 x 10 | AH72: =IF(All_PCC_a[[#This Row],[Max Height (mm)]]<=9,"≤ "&ROUNDUP(AD72,0),"≤"&ROUNDUP(AD72,0)) -> ≤ 4 | AI72: -55 | AJ72: 155 | AK72: =All_PCC_a[[#This Row],[Min Temp (deg.C)]]&" to +"&All_PCC_a[[#This Row],[Max Temp (deg.C)]] -> -55 to +155 | AO72: - | AP72: =IFERROR(IF(L1Round>1,ROUND(L1Round,1),L1Round),"-") -> - | AQ72: - | AR72: - | AS72: https://industrial.panasonic.com/ww/products/pt/automotive-inductors/models/ETQP4M4R7KVC | AT72: https://industrial.panasonic.com/content/data/CC/pictures/lineup-LP.gif | AU72: =_xlfn.IMAGE(All_PCC_a[[#This Row],[Image URL]]) -> #NAME? | BC72: =IF(Z72<('[1]DCDC Ref'!$J$24/'[1]DCDC Ref'!$J$26)*'[1]DCDC Ref'!$J$28/100,0,1) -> 1 | BD72: =IF(BC72=1000000000,"",('All Data'!Q72-'[1]DCDC Ref'!$J$30)/'[1]DCDC Ref'!$J$30*100) -> 643.73626 | BE72: =ABS(BD72) -> 643.73626 | BH72: =IF(BG72<0,10000,BG72) -> 0 | BJ72: =IF(BC72=0,"",('All Data'!Z72-'[1]DCDC Ref'!$J$28*('[1]DCDC Ref'!$J$29/100))/'[1]DCDC Ref'!$J$28*('[1]DCDC Ref'!$J$29/100)*100) -> 24.62069 | BK72: =IF(BJ72<0,10000,BJ72) -> 24.62069 | BQ72: =IFERROR(BE72*$BP$6+BK72*$BP$7,"") -> 3218804.4 | BR72: =IF(BQ72="","",RANK(BQ72,BQ$11:BQ$9930,1)+COUNTIF(BQ$11:BQ72,BQ72)-1) -> 73 | BS72: =RANK(BR72,BR$11:BR$9930,1) -> 73 | BT72: =IFERROR(INDEX($O$11:$O$1013,MATCH(ROWS($BS$11:BS72),$BS$11:$BS$1005,0)),"") -> ETQP4M3R3KVK | BU72: =IF(BT72<>"",BT72,"") -> ETQP4M3R3KVK
A73: 98 | B73: 〇 | D73: OK | F73: MP | G73: Panasonic | H73: SMD | I73: Metal Composite | J73: PCC | K73: LE (Low Price) | L73: 4M-KFN | M73: PCC-M0648M-LE | N73: Yes | O73: ETQP4M4R7KFN | P73: =MID(All_PCC_a[[#This Row],[Part Number]],7,3) -> 4R7 | Q73: 4.7 | R73: =IF(All_PCC_a[[#This Row],[Lo (uH)]]<1,"<1",IF(All_PCC_a[[#This Row],[Lo (uH)]]<10,"<10",IF(All_PCC_a[[#This Row],[Lo (uH)]]<100,"<100",IF(All_PCC_a[[#This Row],[Lo (uH)]]<2000,"<2000","")))) -> <10 | S73: =IFERROR(VLOOKUP(All_PCC_a[[#This Row],[Lo (uH)]],[1]Utility!$D$5:$E$43,2,1),"-") -> ≤ 5 | T73: 0.2 | U73: 20.7 | V73: 22.77 | W73: 10 | X73: 7.3 | Y73: 5.7 | Z73: 10.2 | AA73: 7.31 | AB73: 6.4 | AC73: 6 | AD73: 4.8 | AE73: =ROUND(All_PCC_a[[#This Row],[L (mm)]]*All_PCC_a[[#This Row],[W (mm)]],1) -> 38.4 | AF73: =All_PCC_a[[#This Row],[L (mm)]]&" x "&All_PCC_a[[#This Row],[W (mm)]] -> 6,4 x 6 | AG73: _6 x 6 | AH73: =IF(All_PCC_a[[#This Row],[Max Height (mm)]]<=9,"≤ "&ROUNDUP(AD73,0),"≤"&ROUNDUP(AD73,0)) -> ≤ 5 | AI73: -40 | AJ73: 150 | AK73: =All_PCC_a[[#This Row],[Min Temp (deg.C)]]&" to +"&All_PCC_a[[#This Row],[Max Temp (deg.C)]] -> -40 to +150 | AO73: - | AP73: =IFERROR(IF(L1Round>1,ROUND(L1Round,1),L1Round),"-") -> - | AQ73: - | AR73: - | AS73: https://industrial.panasonic.com/ww/products/pt/automotive-inductors/models/ETQP4M4R7KFN | AT73: https://industrial.panasonic.com/content/data/CC/pictures/lineup-LE.gif | AU73: =_xlfn.IMAGE(All_PCC_a[[#This Row],[Image URL]]) -> #NAME? | BC73: =IF(Z73<('[1]DCDC Ref'!$J$24/'[1]DCDC Ref'!$J$26)*'[1]DCDC Ref'!$J$28/100,0,1) -> 1 | BD73: =IF(BC73=1000000000,"",('All Data'!Q73-'[1]DCDC Ref'!$J$30)/'[1]DCDC Ref'!$J$30*100) -> 643.73626 | BE73: =ABS(BD73) -> 643.73626 | BH73: =IF(BG73<0,10000,BG73) -> 0 | BJ73: =IF(BC73=0,"",('All Data'!Z73-'[1]DCDC Ref'!$J$28*('[1]DCDC Ref'!$J$29/100))/'[1]DCDC Ref'!$J$28*('[1]DCDC Ref'!$J$29/100)*100) -> -8.5517241 | BK73: =IF(BJ73<0,10000,BJ73) -> 10000 | BQ73: =IFERROR(BE73*$BP$6+BK73*$BP$7,"") -> 3268681.3 | BR73: =IF(BQ73="","",RANK(BQ73,BQ$11:BQ$9930,1)+COUNTIF(BQ$11:BQ73,BQ73)-1) -> 82 | BS73: =RANK(BR73,BR$11:BR$9930,1) -> 82 | BT73: =IFERROR(INDEX($O$11:$O$1013,MATCH(ROWS($BS$11:BS73),$BS$11:$BS$1005,0)),"") -> ETQP5M3R3YFK | BU73: =IF(BT73<>"",BT73,"") -> ETQP5M3R3YFK
A74: 101 | B74: 〇 | D74: OK | F74: MP | G74: Panasonic | H74: SMD | I74: Metal Composite | J74: PCC | K74: LE (Low Price) | L74: 4M-KFM | M74: PCC-M0748M-LE | N74: Yes | O74: ETQP4M4R7KFM | P74: =MID(All_PCC_a[[#This Row],[Part Number]],7,3) -> 4R7 | Q74: 4.7 | R74: =IF(All_PCC_a[[#This Row],[Lo (uH)]]<1,"<1",IF(All_PCC_a[[#This Row],[Lo (uH)]]<10,"<10",IF(All_PCC_a[[#This Row],[Lo (uH)]]<100,"<100",IF(All_PCC_a[[#This Row],[Lo (uH)]]<2000,"<2000","")))) -> <10 | S74: =IFERROR(VLOOKUP(All_PCC_a[[#This Row],[Lo (uH)]],[1]Utility!$D$5:$E$43,2,1),"-") -> ≤ 5 | T74: 0.2 | U74: 16.8 | V74: 18.48 | W74: 10 | X74: 8.8 | Y74: 6.5 | Z74: 10.7 | AA74: 7.7 | AB74: 7.4 | AC74: 7 | AD74: 4.8 | AE74: =ROUND(All_PCC_a[[#This Row],[L (mm)]]*All_PCC_a[[#This Row],[W (mm)]],1) -> 51.8 | AF74: =All_PCC_a[[#This Row],[L (mm)]]&" x "&All_PCC_a[[#This Row],[W (mm)]] -> 7,4 x 7 | AG74: _7 x 7 | AH74: =IF(All_PCC_a[[#This Row],[Max Height (mm)]]<=9,"≤ "&ROUNDUP(AD74,0),"≤"&ROUNDUP(AD74,0)) -> ≤ 5 | AI74: -40 | AJ74: 150 | AK74: =All_PCC_a[[#This Row],[Min Temp (deg.C)]]&" to +"&All_PCC_a[[#This Row],[Max Temp (deg.C)]] -> -40 to +150 | AO74: - | AP74: =IFERROR(IF(L1Round>1,ROUND(L1Round,1),L1Round),"-") -> - | AQ74: - | AR74: - | AS74: https://industrial.panasonic.com/ww/products/pt/automotive-inductors/models/ETQP4M4R7KFM | AT74: https://industrial.panasonic.com/content/data/CC/pictures/lineup-LE.gif | AU74: =_xlfn.IMAGE(All_PCC_a[[#This Row],[Image URL]]) -> #NAME? | BC74: =IF(Z74<('[1]DCDC Ref'!$J$24/'[1]DCDC Ref'!$J$26)*'[1]DCDC Ref'!$J$28/100,0,1) -> 1 | BD74: =IF(BC74=1000000000,"",('All Data'!Q74-'[1]DCDC Ref'!$J$30)/'[1]DCDC Ref'!$J$30*100) -> 643.73626 | BE74: =ABS(BD74) -> 643.73626 | BH74: =IF(BG74<0,10000,BG74) -> 0 | BJ74: =IF(BC74=0,"",('All Data'!Z74-'[1]DCDC Ref'!$J$28*('[1]DCDC Ref'!$J$29/100))/'[1]DCDC Ref'!$J$28*('[1]DCDC Ref'!$J$29/100)*100) -> -4.0689655 | BK74: =IF(BJ74<0,10000,BJ74) -> 10000 | BQ74: =IFERROR(BE74*$BP$6+BK74*$BP$7,"") -> 3268681.3 | BR74: =IF(BQ74="","",RANK(BQ74,BQ$11:BQ$9930,1)+COUNTIF(BQ$11:BQ74,BQ74)-1) -> 83 | BS74: =RANK(BR74,BR$11:BR$9930,1) -> 83 | BT74: =IFERROR(INDEX($O$11:$O$1013,MATCH(ROWS($BS$11:BS74),$BS$11:$BS$1005,0)),"") -> ETQP5M3R3YFC | BU74: =IF(BT74<>"",BT74,"") -> ETQP5M3R3YFC
A75: 4 | B75: 〇 | D75: OK | F75: MP | G75: Panasonic | H75: SMD | I75: Metal Composite | J75: PCC | K75: High Isat (Standard) | L75: 4M-YFN | M75: PCC-M0645M | N75: Yes | O75: ETQP4M6R8YFN | P75: =MID(All_PCC_a[[#This Row],[Part Number]],7,3) -> 6R8 | Q75: 6.8 | R75: =IF(All_PCC_a[[#This Row],[Lo (uH)]]<1,"<1",IF(All_PCC_a[[#This Row],[Lo (uH)]]<10,"<10",IF(All_PCC_a[[#This Row],[Lo (uH)]]<100,"<100",IF(All_PCC_a[[#This Row],[Lo (uH)]]<2000,"<2000","")))) -> <10 | S75: =IFERROR(VLOOKUP(All_PCC_a[[#This Row],[Lo (uH)]],[1]Utility!$D$5:$E$43,2,1),"-") -> ≤ 7 | T75: 0.2 | U75: 39.3 | V75: 43.23 | W75: 10 | X75: 5.2 | Y75: 4.1 | Z75: 10 | AA75: 7.2 | AB75: 6.5 | AC75: 6 | AD75: 4.5 | AE75: =ROUND(All_PCC_a[[#This Row],[L (mm)]]*All_PCC_a[[#This Row],[W (mm)]],1) -> 39 | AF75: =All_PCC_a[[#This Row],[L (mm)]]&" x "&All_PCC_a[[#This Row],[W (mm)]] -> 6,5 x 6 | AG75: _6 x 6 | AH75: =IF(All_PCC_a[[#This Row],[Max Height (mm)]]<=9,"≤ "&ROUNDUP(AD75,0),"≤"&ROUNDUP(AD75,0)) -> ≤ 5 | AI75: -40 | AJ75: 150 | AK75: =All_PCC_a[[#This Row],[Min Temp (deg.C)]]&" to +"&All_PCC_a[[#This Row],[Max Temp (deg.C)]] -> -40 to +150 | AO75: - | AP75: =IFERROR(IF(L1Round>1,ROUND(L1Round,1),L1Round),"-") -> - | AQ75: - | AR75: - | AS75: https://industrial.panasonic.com/ww/products/pt/automotive-inductors/models/ETQP4M6R8YFN | AT75: https://industrial.panasonic.com/content/data/CC/pictures/lineup-Metal-core.gif | AU75: =_xlfn.IMAGE(All_PCC_a[[#This Row],[Image URL]]) -> #NAME? | BC75: =IF(Z75<('[1]DCDC Ref'!$J$24/'[1]DCDC Ref'!$J$26)*'[1]DCDC Ref'!$J$28/100,0,1) -> 1 | BD75: =IF(BC75=1000000000,"",('All Data'!Q75-'[1]DCDC Ref'!$J$30)/'[1]DCDC Ref'!$J$30*100) -> 976.04396 | BE75: =ABS(BD75) -> 976.04396 | BH75: =IF(BG75<0,10000,BG75) -> 0 | BJ75: =IF(BC75=0,"",('All Data'!Z75-'[1]DCDC Ref'!$J$28*('[1]DCDC Ref'!$J$29/100))/'[1]DCDC Ref'!$J$28*('[1]DCDC Ref'!$J$29/100)*100) -> -10.344828 | BK75: =IF(BJ75<0,10000,BJ75) -> 10000 | BQ75: =IFERROR(BE75*$BP$6+BK75*$BP$7,"") -> 4930219.8 | BR75: =IF(BQ75="","",RANK(BQ75,BQ$11:BQ$9930,1)+COUNTIF(BQ$11:BQ75,BQ75)-1) -> 87 | BS75: =RANK(BR75,BR$11:BR$9930,1) -> 87 | BT75: =IFERROR(INDEX($O$11:$O$1013,MATCH(ROWS($BS$11:BS75),$BS$11:$BS$1005,0)),"") -> ETQP5M3R3YTC | BU75: =IF(BT75<>"",BT75,"") -> ETQP5M3R3YTC
A76: 31 | B76: 〇 | D76: OK | F76: MP | G76: Panasonic | H76: SMD | I76: Metal Composite | J76: PCC | K76: High Isat (Standard) | L76: 5M-YFM | M76: PCC-M0754M | N76: Yes | O76: ETQP5M6R8YFM | P76: =MID(All_PCC_a[[#This Row],[Part Number]],7,3) -> 6R8 | Q76: 6.8 | R76: =IF(All_PCC_a[[#This Row],[Lo (uH)]]<1,"<1",IF(All_PCC_a[[#This Row],[Lo (uH)]]<10,"<10",IF(All_PCC_a[[#This Row],[Lo (uH)]]<100,"<100",IF(All_PCC_a[[#This Row],[Lo (uH)]]<2000,"<2000","")))) -> <10 | S76: =IFERROR(VLOOKUP(All_PCC_a[[#This Row],[Lo (uH)]],[1]Utility!$D$5:$E$43,2,1),"-") -> ≤ 7 | T76: 0.2 | U76: 26.7 | V76: 29.4 | W76: 10 | X76: 6.9 | Y76: 5.5 | Z76: 12.1 | AA76: 8.6 | AB76: 7.5 | AC76: 7 | AD76: 5.4 | AE76: =ROUND(All_PCC_a[[#This Row],[L (mm)]]*All_PCC_a[[#This Row],[W (mm)]],1) -> 52.5 | AF76: =All_PCC_a[[#This Row],[L (mm)]]&" x "&All_PCC_a[[#This Row],[W (mm)]] -> 7,5 x 7 | AG76: _7 x 7 | AH76: =IF(All_PCC_a[[#This Row],[Max Height (mm)]]<=9,"≤ "&ROUNDUP(AD76,0),"≤"&ROUNDUP(AD76,0)) -> ≤ 6 | AI76: -40 | AJ76: 150 | AK76: =All_PCC_a[[#This Row],[Min Temp (deg.C)]]&" to +"&All_PCC_a[[#This Row],[Max Temp (deg.C)]] -> -40 to +150 | AO76: - | AP76: =IFERROR(IF(L1Round>1,ROUND(L1Round,1),L1Round),"-") -> - | AQ76: - | AR76: - | AS76: https://industrial.panasonic.com/ww/products/pt/automotive-inductors/models/ETQP5M6R8YFM | AT76: https://industrial.panasonic.com/content/data/CC/pictures/lineup-Metal-core.gif | AU76: =_xlfn.IMAGE(All_PCC_a[[#This Row],[Image URL]]) -> #NAME? | BC76: =IF(Z76<('[1]DCDC Ref'!$J$24/'[1]DCDC Ref'!$J$26)*'[1]DCDC Ref'!$J$28/100,0,1) -> 1 | BD76: =IF(BC76=1000000000,"",('All Data'!Q76-'[1]DCDC Ref'!$J$30)/'[1]DCDC Ref'!$J$30*100) -> 976.04396 | BE76: =ABS(BD76) -> 976.04396 | BH76: =IF(BG76<0,10000,BG76) -> 0 | BJ76: =IF(BC76=0,"",('All Data'!Z76-'[1]DCDC Ref'!$J$28*('[1]DCDC Ref'!$J$29/100))/'[1]DCDC Ref'!$J$28*('[1]DCDC Ref'!$J$29/100)*100) -> 8.4827586 | BK76: =IF(BJ76<0,10000,BJ76) -> 8.4827586 | BQ76: =IFERROR(BE76*$BP$6+BK76*$BP$7,"") -> 4880262.2 | BR76: =IF(BQ76="","",RANK(BQ76,BQ$11:BQ$9930,1)+COUNTIF(BQ$11:BQ76,BQ76)-1) -> 84 | BS76: =RANK(BR76,BR$11:BR$9930,1) -> 84 | BT76: =IFERROR(INDEX($O$11:$O$1013,MATCH(ROWS($BS$11:BS76),$BS$11:$BS$1005,0)),"") -> ETQP5M3R3YGC | BU76: =IF(BT76<>"",BT76,"") -> ETQP5M3R3YGC
A77: 53 | B77: 〇 | D77: OK | F77: MP | G77: Panasonic | H77: SMD | I77: Metal Composite | J77: PCC | K77: LP (Low Profile) | L77: 3M-KVP | M77: PCC-M0530M-LP | N77: Yes | O77: ETQP3M6R8KVP | P77: =MID(All_PCC_a[[#This Row],[Part Number]],7,3) -> 6R8 | Q77: 6.8 | R77: =IF(All_PCC_a[[#This Row],[Lo (uH)]]<1,"<1",IF(All_PCC_a[[#This Row],[Lo (uH)]]<10,"<10",IF(All_PCC_a[[#This Row],[Lo (uH)]]<100,"<100",IF(All_PCC_a[[#This Row],[Lo (uH)]]<2000,"<2000","")))) -> <10 | S77: =IFERROR(VLOOKUP(All_PCC_a[[#This Row],[Lo (uH)]],[1]Utility!$D$5:$E$43,2,1),"-") -> ≤ 7 | T77: 0.2 | U77: 65.7 | V77: 72.27 | W77: 10 | X77: 3.5 | Y77: 2.9 | Z77: 6.1 | AA77: 4.54 | AB77: 5.5 | AC77: 5 | AD77: 3 | AE77: =ROUND(All_PCC_a[[#This Row],[L (mm)]]*All_PCC_a[[#This Row],[W (mm)]],1) -> 27.5 | AF77: =All_PCC_a[[#This Row],[L (mm)]]&" x "&All_PCC_a[[#This Row],[W (mm)]] -> 5,5 x 5 | AG77: _5 x 5 | AH77: =IF(All_PCC_a[[#This Row],[Max Height (mm)]]<=9,"≤ "&ROUNDUP(AD77,0),"≤"&ROUNDUP(AD77,0)) -> ≤ 3 | AI77: -55 | AJ77: 155 | AK77: =All_PCC_a[[#This Row],[Min Temp (deg.C)]]&" to +"&All_PCC_a[[#This Row],[Max Temp (deg.C)]] -> -55 to +155 | AO77: - | AP77: =IFERROR(IF(L1Round>1,ROUND(L1Round,1),L1Round),"-") -> - | AQ77: - | AR77: - | AS77: https://industrial.panasonic.com/ww/products/pt/automotive-inductors/models/ETQP3M6R8KVP | AT77: https://industrial.panasonic.com/content/data/CC/pictures/lineup-LP.gif | AU77: =_xlfn.IMAGE(All_PCC_a[[#This Row],[Image URL]]) -> #NAME? | BC77: =IF(Z77<('[1]DCDC Ref'!$J$24/'[1]DCDC Ref'!$J$26)*'[1]DCDC Ref'!$J$28/100,0,1) -> 1 | BD77: =IF(BC77=1000000000,"",('All Data'!Q77-'[1]DCDC Ref'!$J$30)/'[1]DCDC Ref'!$J$30*100) -> 976.04396 | BE77: =ABS(BD77) -> 976.04396 | BH77: =IF(BG77<0,10000,BG77) -> 0 | BJ77: =IF(BC77=0,"",('All Data'!Z77-'[1]DCDC Ref'!$J$28*('[1]DCDC Ref'!$J$29/100))/'[1]DCDC Ref'!$J$28*('[1]DCDC Ref'!$J$29/100)*100) -> -45.310345 | BK77: =IF(BJ77<0,10000,BJ77) -> 10000 | BQ77: =IFERROR(BE77*$BP$6+BK77*$BP$7,"") -> 4930219.8 | BR77: =IF(BQ77="","",RANK(BQ77,BQ$11:BQ$9930,1)+COUNTIF(BQ$11:BQ77,BQ77)-1) -> 88 | BS77: =RANK(BR77,BR$11:BR$9930,1) -> 88 | BT77: =IFERROR(INDEX($O$11:$O$1013,MATCH(ROWS($BS$11:BS77),$BS$11:$BS$1005,0)),"") -> ETQP6M3R3YLC | BU77: =IF(BT77<>"",BT77,"") -> ETQP6M3R3YLC
A78: 64 | B78: 〇 | D78: OK | F78: MP | G78: Panasonic | H78: SMD | I78: Metal Composite | J78: PCC | K78: LP (Low Profile) | L78: 3M-KVN | M78: PCC-M0630M-LP | N78: Yes | O78: ETQP3M6R8KVN | P78: =MID(All_PCC_a[[#This Row],[Part Number]],7,3) -> 6R8 | Q78: 6.8 | R78: =IF(All_PCC_a[[#This Row],[Lo (uH)]]<1,"<1",IF(All_PCC_a[[#This Row],[Lo (uH)]]<10,"<10",IF(All_PCC_a[[#This Row],[Lo (uH)]]<100,"<100",IF(All_PCC_a[[#This Row],[Lo (uH)]]<2000,"<2000","")))) -> <10 | S78: =IFERROR(VLOOKUP(All_PCC_a[[#This Row],[Lo (uH)]],[1]Utility!$D$5:$E$43,2,1),"-") -> ≤ 7 | T78: 0.2 | U78: 45.6 | V78: 50.16 | W78: 10 | X78: 4.5 | Y78: 3.6 | Z78: 8.1 | AA78: 5.48 | AB78: 6.4 | AC78: 6 | AD78: 3 | AE78: =ROUND(All_PCC_a[[#This Row],[L (mm)]]*All_PCC_a[[#This Row],[W (mm)]],1) -> 38.4 | AF78: =All_PCC_a[[#This Row],[L (mm)]]&" x "&All_PCC_a[[#This Row],[W (mm)]] -> 6,4 x 6 | AG78: _6 x 6 | AH78: =IF(All_PCC_a[[#This Row],[Max Height (mm)]]<=9,"≤ "&ROUNDUP(AD78,0),"≤"&ROUNDUP(AD78,0)) -> ≤ 3 | AI78: -55 | AJ78: 155 | AK78: =All_PCC_a[[#This Row],[Min Temp (deg.C)]]&" to +"&All_PCC_a[[#This Row],[Max Temp (deg.C)]] -> -55 to +155 | AO78: - | AP78: =IFERROR(IF(L1Round>1,ROUND(L1Round,1),L1Round),"-") -> - | AQ78: - | AR78: - | AS78: https://industrial.panasonic.com/ww/products/pt/automotive-inductors/models/ETQP3M6R8KVN | AT78: https://industrial.panasonic.com/content/data/CC/pictures/lineup-LP.gif | AU78: =_xlfn.IMAGE(All_PCC_a[[#This Row],[Image URL]]) -> #NAME? | BC78: =IF(Z78<('[1]DCDC Ref'!$J$24/'[1]DCDC Ref'!$J$26)*'[1]DCDC Ref'!$J$28/100,0,1) -> 1 | BD78: =IF(BC78=1000000000,"",('All Data'!Q78-'[1]DCDC Ref'!$J$30)/'[1]DCDC Ref'!$J$30*100) -> 976.04396 | BE78: =ABS(BD78) -> 976.04396 | BH78: =IF(BG78<0,10000,BG78) -> 0 | BJ78: =IF(BC78=0,"",('All Data'!Z78-'[1]DCDC Ref'!$J$28*('[1]DCDC Ref'!$J$29/100))/'[1]DCDC Ref'!$J$28*('[1]DCDC Ref'!$J$29/100)*100) -> -27.37931 | BK78: =IF(BJ78<0,10000,BJ78) -> 10000 | BQ78: =IFERROR(BE78*$BP$6+BK78*$BP$7,"") -> 4930219.8 | BR78: =IF(BQ78="","",RANK(BQ78,BQ$11:BQ$9930,1)+COUNTIF(BQ$11:BQ78,BQ78)-1) -> 89 | BS78: =RANK(BR78,BR$11:BR$9930,1) -> 89 | BT78: =IFERROR(INDEX($O$11:$O$1013,MATCH(ROWS($BS$11:BS78),$BS$11:$BS$1005,0)),"") -> ETQP8M3R3JFA | BU78: =IF(BT78<>"",BT78,"") -> ETQP8M3R3JFA
A79: 75 | B79: 〇 | D79: OK | F79: MP | G79: Panasonic | H79: SMD | I79: Metal Composite | J79: PCC | K79: LP (Low Profile) | L79: 4M-KVK | M79: PCC-M0840M-LP | N79: Yes | O79: ETQP4M6R8KVK | P79: =MID(All_PCC_a[[#This Row],[Part Number]],7,3) -> 6R8 | Q79: 6.8 | R79: =IF(All_PCC_a[[#This Row],[Lo (uH)]]<1,"<1",IF(All_PCC_a[[#This Row],[Lo (uH)]]<10,"<10",IF(All_PCC_a[[#This Row],[Lo (uH)]]<100,"<100",IF(All_PCC_a[[#This Row],[Lo (uH)]]<2000,"<2000","")))) -> <10 | S79: =IFERROR(VLOOKUP(All_PCC_a[[#This Row],[Lo (uH)]],[1]Utility!$D$5:$E$43,2,1),"-") -> ≤ 7 | T79: 0.2 | U79: 23.5 | V79: 25.85 | W79: 10 | X79: 6.9 | Y79: 5.9 | Z79: 11 | AA79: 7.59 | AB79: 8.4 | AC79: 8 | AD79: 4 | AE79: =ROUND(All_PCC_a[[#This Row],[L (mm)]]*All_PCC_a[[#This Row],[W (mm)]],1) -> 67.2 | AF79: =All_PCC_a[[#This Row],[L (mm)]]&" x "&All_PCC_a[[#This Row],[W (mm)]] -> 8,4 x 8 | AG79: _8 x 8 | AH79: =IF(All_PCC_a[[#This Row],[Max Height (mm)]]<=9,"≤ "&ROUNDUP(AD79,0),"≤"&ROUNDUP(AD79,0)) -> ≤ 4 | AI79: -55 | AJ79: 155 | AK79: =All_PCC_a[[#This Row],[Min Temp (deg.C)]]&" to +"&All_PCC_a[[#This Row],[Max Temp (deg.C)]] -> -55 to +155 | AO79: - | AP79: =IFERROR(IF(L1Round>1,ROUND(L1Round,1),L1Round),"-") -> - | AQ79: - | AR79: - | AS79: https://industrial.panasonic.com/ww/products/pt/automotive-inductors/models/ETQP4M6R8KVK | AT79: https://industrial.panasonic.com/content/data/CC/pictures/lineup-LP.gif | AU79: =_xlfn.IMAGE(All_PCC_a[[#This Row],[Image URL]]) -> #NAME? | BC79: =IF(Z79<('[1]DCDC Ref'!$J$24/'[1]DCDC Ref'!$J$26)*'[1]DCDC Ref'!$J$28/100,0,1) -> 1 | BD79: =IF(BC79=1000000000,"",('All Data'!Q79-'[1]DCDC Ref'!$J$30)/'[1]DCDC Ref'!$J$30*100) -> 976.04396 | BE79: =ABS(BD79) -> 976.04396 | BH79: =IF(BG79<0,10000,BG79) -> 0 | BJ79: =IF(BC79=0,"",('All Data'!Z79-'[1]DCDC Ref'!$J$28*('[1]DCDC Ref'!$J$29/100))/'[1]DCDC Ref'!$J$28*('[1]DCDC Ref'!$J$29/100)*100) -> -1.3793103 | BK79: =IF(BJ79<0,10000,BJ79) -> 10000 | BQ79: =IFERROR(BE79*$BP$6+BK79*$BP$7,"") -> 4930219.8 | BR79: =IF(BQ79="","",RANK(BQ79,BQ$11:BQ$9930,1)+COUNTIF(BQ$11:BQ79,BQ79)-1) -> 90 | BS79: =RANK(BR79,BR$11:BR$9930,1) -> 90 | BT79: =IFERROR(INDEX($O$11:$O$1013,MATCH(ROWS($BS$11:BS79),$BS$11:$BS$1005,0)),"") -> ETQPAM3R3JFW | BU79: =IF(BT79<>"",BT79,"") -> ETQPAM3R3JFW
A80: 87 | B80: 〇 | D80: OK | F80: MP | G80: Panasonic | H80: SMD | I80: Metal Composite | J80: PCC | K80: LP (Low Profile) | L80: 4M-KVC | M80: PCC-M1040M-LP | N80: Yes | O80: ETQP4M6R8KVC | P80: =MID(All_PCC_a[[#This Row],[Part Number]],7,3) -> 6R8 | Q80: 6.8 | R80: =IF(All_PCC_a[[#This Row],[Lo (uH)]]<1,"<1",IF(All_PCC_a[[#This Row],[Lo (uH)]]<10,"<10",IF(All_PCC_a[[#This Row],[Lo (uH)]]<100,"<100",IF(All_PCC_a[[#This Row],[Lo (uH)]]<2000,"<2000","")))) -> <10 | S80: =IFERROR(VLOOKUP(All_PCC_a[[#This Row],[Lo (uH)]],[1]Utility!$D$5:$E$43,2,1),"-") -> ≤ 7 | T80: 0.2 | U80: 18.5 | V80: 20.35 | W80: 10 | X80: 8.9 | Y80: 7.4 | Z80: 12.1 | AA80: 8.92 | AB80: 10.7 | AC80: 10 | AD80: 4 | AE80: =ROUND(All_PCC_a[[#This Row],[L (mm)]]*All_PCC_a[[#This Row],[W (mm)]],1) -> 107 | AF80: =All_PCC_a[[#This Row],[L (mm)]]&" x "&All_PCC_a[[#This Row],[W (mm)]] -> 10,7 x 10 | AG80: 10 x 10 | AH80: =IF(All_PCC_a[[#This Row],[Max Height (mm)]]<=9,"≤ "&ROUNDUP(AD80,0),"≤"&ROUNDUP(AD80,0)) -> ≤ 4 | AI80: -55 | AJ80: 155 | AK80: =All_PCC_a[[#This Row],[Min Temp (deg.C)]]&" to +"&All_PCC_a[[#This Row],[Max Temp (deg.C)]] -> -55 to +155 | AO80: - | AP80: =IFERROR(IF(L1Round>1,ROUND(L1Round,1),L1Round),"-") -> - | AQ80: - | AR80: - | AS80: https://industrial.panasonic.com/ww/products/pt/automotive-inductors/models/ETQP4M6R8KVC | AT80: https://industrial.panasonic.com/content/data/CC/pictures/lineup-LP.gif | AU80: =_xlfn.IMAGE(All_PCC_a[[#This Row],[Image URL]]) -> #NAME? | BC80: =IF(Z80<('[1]DCDC Ref'!$J$24/'[1]DCDC Ref'!$J$26)*'[1]DCDC Ref'!$J$28/100,0,1) -> 1 | BD80: =IF(BC80=1000000000,"",('All Data'!Q80-'[1]DCDC Ref'!$J$30)/'[1]DCDC Ref'!$J$30*100) -> 976.04396 | BE80: =ABS(BD80) -> 976.04396 | BH80: =IF(BG80<0,10000,BG80) -> 0 | BJ80: =IF(BC80=0,"",('All Data'!Z80-'[1]DCDC Ref'!$J$28*('[1]DCDC Ref'!$J$29/100))/'[1]DCDC Ref'!$J$28*('[1]DCDC Ref'!$J$29/100)*100) -> 8.4827586 | BK80: =IF(BJ80<0,10000,BJ80) -> 8.4827586 | BQ80: =IFERROR(BE80*$BP$6+BK80*$BP$7,"") -> 4880262.2 | BR80: =IF(BQ80="","",RANK(BQ80,BQ$11:BQ$9930,1)+COUNTIF(BQ$11:BQ80,BQ80)-1) -> 85 | BS80: =RANK(BR80,BR$11:BR$9930,1) -> 85 | BT80: =IFERROR(INDEX($O$11:$O$1013,MATCH(ROWS($BS$11:BS80),$BS$11:$BS$1005,0)),"") -> ETQP3M3R3YFP | BU80: =IF(BT80<>"",BT80,"") -> ETQP3M3R3YFP
A81: 114 | B81: 〇 | C81: 2021/11/12 カタログ追加。2021/4/8追加。 | D81: OK | F81: MP | G81: Panasonic | H81: SMD | I81: Metal Composite | J81: PCC | K81: LE (Low Price) | L81: 4M-KFN | M81: PCC-M0648M-LE | N81: Yes | O81: ETQP4M6R8KFN | P81: =MID(All_PCC_a[[#This Row],[Part Number]],7,3) -> 6R8 | Q81: 6.8 | R81: =IF(All_PCC_a[[#This Row],[Lo (uH)]]<1,"<1",IF(All_PCC_a[[#This Row],[Lo (uH)]]<10,"<10",IF(All_PCC_a[[#This Row],[Lo (uH)]]<100,"<100",IF(All_PCC_a[[#This Row],[Lo (uH)]]<2000,"<2000","")))) -> <10 | S81: =IFERROR(VLOOKUP(All_PCC_a[[#This Row],[Lo (uH)]],[1]Utility!$D$5:$E$43,2,1),"-") -> ≤ 7 | T81: 0.2 | U81: 32.1 | V81: 35.31 | W81: 10 | X81: 5.9 | Y81: 4.6 | Z81: 9.9 | AA81: 7.1 | AB81: 6.4 | AC81: 6 | AD81: 4.8 | AE81: =ROUND(All_PCC_a[[#This Row],[L (mm)]]*All_PCC_a[[#This Row],[W (mm)]],1) -> 38.4 | AF81: =All_PCC_a[[#This Row],[L (mm)]]&" x "&All_PCC_a[[#This Row],[W (mm)]] -> 6,4 x 6 | AG81: _6 x 6 | AH81: =IF(All_PCC_a[[#This Row],[Max Height (mm)]]<=9,"≤ "&ROUNDUP(AD81,0),"≤"&ROUNDUP(AD81,0)) -> ≤ 5 | AI81: -40 | AJ81: 150 | AK81: =All_PCC_a[[#This Row],[Min Temp (deg.C)]]&" to +"&All_PCC_a[[#This Row],[Max Temp (deg.C)]] -> -40 to +150 | AO81: - | AP81: =IFERROR(IF(L1Round>1,ROUND(L1Round,1),L1Round),"-") -> - | AQ81: - | AR81: - | AS81: https://industrial.panasonic.com/ww/products/pt/automotive-inductors/models/ETQP4M6R8KFN | AT81: https://industrial.panasonic.com/content/data/CC/pictures/lineup-LE.gif | AU81: =_xlfn.IMAGE(All_PCC_a[[#This Row],[Image URL]]) -> #NAME? | BC81: =IF(Z81<('[1]DCDC Ref'!$J$24/'[1]DCDC Ref'!$J$26)*'[1]DCDC Ref'!$J$28/100,0,1) -> 1 | BD81: =IF(BC81=1000000000,"",('All Data'!Q81-'[1]DCDC Ref'!$J$30)/'[1]DCDC Ref'!$J$30*100) -> 976.04396 | BE81: =ABS(BD81) -> 976.04396 | BH81: =IF(BG81<0,10000,BG81) -> 0 | BJ81: =IF(BC81=0,"",('All Data'!Z81-'[1]DCDC Ref'!$J$28*('[1]DCDC Ref'!$J$29/100))/'[1]DCDC Ref'!$J$28*('[1]DCDC Ref'!$J$29/100)*100) -> -11.241379 | BK81: =IF(BJ81<0,10000,BJ81) -> 10000 | BQ81: =IFERROR(BE81*$BP$6+BK81*$BP$7,"") -> 4930219.8 | BR81: =IF(BQ81="","",RANK(BQ81,BQ$11:BQ$9930,1)+COUNTIF(BQ$11:BQ81,BQ81)-1) -> 91 | BS81: =RANK(BR81,BR$11:BR$9930,1) -> 91 | BT81: =IFERROR(INDEX($O$11:$O$1013,MATCH(ROWS($BS$11:BS81),$BS$11:$BS$1005,0)),"") -> ETQP3M3R3KVP | BU81: =IF(BT81<>"",BT81,"") -> ETQP3M3R3KVP
A82: 5 | B82: 〇 | D82: OK | F82: MP | G82: Panasonic | H82: SMD | I82: Metal Composite | J82: PCC | K82: High Isat (Standard) | L82: 4M-YFN | M82: PCC-M0645M | N82: Yes | O82: ETQP4M100YFN | P82: =MID(All_PCC_a[[#This Row],[Part Number]],7,3) -> 100 | Q82: 10 | R82: =IF(All_PCC_a[[#This Row],[Lo (uH)]]<1,"<1",IF(All_PCC_a[[#This Row],[Lo (uH)]]<10,"<10",IF(All_PCC_a[[#This Row],[Lo (uH)]]<100,"<100",IF(All_PCC_a[[#This Row],[Lo (uH)]]<2000,"<2000","")))) -> <100 | S82: =IFERROR(VLOOKUP(All_PCC_a[[#This Row],[Lo (uH)]],[1]Utility!$D$5:$E$43,2,1),"-") -> ≤ 10 | T82: 0.2 | U82: 54.2 | V82: 59.62 | W82: 10 | X82: 4.5 | Y82: 3.5 | Z82: 8.3 | AA82: 5.77 | AB82: 6.5 | AC82: 6 | AD82: 4.5 | AE82: =ROUND(All_PCC_a[[#This Row],[L (mm)]]*All_PCC_a[[#This Row],[W (mm)]],1) -> 39 | AF82: =All_PCC_a[[#This Row],[L (mm)]]&" x "&All_PCC_a[[#This Row],[W (mm)]] -> 6,5 x 6 | AG82: _6 x 6 | AH82: =IF(All_PCC_a[[#This Row],[Max Height (mm)]]<=9,"≤ "&ROUNDUP(AD82,0),"≤"&ROUNDUP(AD82,0)) -> ≤ 5 | AI82: -40 | AJ82: 150 | AK82: =All_PCC_a[[#This Row],[Min Temp (deg.C)]]&" to +"&All_PCC_a[[#This Row],[Max Temp (deg.C)]] -> -40 to +150 | AO82: - | AP82: =IFERROR(IF(L1Round>1,ROUND(L1Round,1),L1Round),"-") -> - | AQ82: - | AR82: - | AS82: https://industrial.panasonic.com/ww/products/pt/automotive-inductors/models/ETQP4M100YFN | AT82: https://industrial.panasonic.com/content/data/CC/pictures/lineup-Metal-core.gif | AU82: =_xlfn.IMAGE(All_PCC_a[[#This Row],[Image URL]]) -> #NAME? | BC82: =IF(Z82<('[1]DCDC Ref'!$J$24/'[1]DCDC Ref'!$J$26)*'[1]DCDC Ref'!$J$28/100,0,1) -> 1 | BD82: =IF(BC82=1000000000,"",('All Data'!Q82-'[1]DCDC Ref'!$J$30)/'[1]DCDC Ref'!$J$30*100) -> 1482.4176 | BE82: =ABS(BD82) -> 1482.4176 | BH82: =IF(BG82<0,10000,BG82) -> 0 | BJ82: =IF(BC82=0,"",('All Data'!Z82-'[1]DCDC Ref'!$J$28*('[1]DCDC Ref'!$J$29/100))/'[1]DCDC Ref'!$J$28*('[1]DCDC Ref'!$J$29/100)*100) -> -25.586207 | BK82: =IF(BJ82<0,10000,BJ82) -> 10000 | BQ82: =IFERROR(BE82*$BP$6+BK82*$BP$7,"") -> 7462087.9 | BR82: =IF(BQ82="","",RANK(BQ82,BQ$11:BQ$9930,1)+COUNTIF(BQ$11:BQ82,BQ82)-1) -> 94 | BS82: =RANK(BR82,BR$11:BR$9930,1) -> 94 | BT82: =IFERROR(INDEX($O$11:$O$1013,MATCH(ROWS($BS$11:BS82),$BS$11:$BS$1005,0)),"") -> ETQP5M4R7YFM | BU82: =IF(BT82<>"",BT82,"") -> ETQP5M4R7YFM
A83: 17 | B83: 〇 | D83: OK | F83: MP | G83: Panasonic | H83: SMD | I83: Metal Composite | J83: PCC | K83: High Isat (Standard) | L83: 5M-YFC | M83: PCC-M1054M | N83: Yes | O83: ETQP5M100YFC | P83: =MID(All_PCC_a[[#This Row],[Part Number]],7,3) -> 100 | Q83: 10 | R83: =IF(All_PCC_a[[#This Row],[Lo (uH)]]<1,"<1",IF(All_PCC_a[[#This Row],[Lo (uH)]]<10,"<10",IF(All_PCC_a[[#This Row],[Lo (uH)]]<100,"<100",IF(All_PCC_a[[#This Row],[Lo (uH)]]<2000,"<2000","")))) -> <100 | S83: =IFERROR(VLOOKUP(All_PCC_a[[#This Row],[Lo (uH)]],[1]Utility!$D$5:$E$43,2,1),"-") -> ≤ 10 | T83: 0.2 | U83: 23.8 | V83: 26.2 | W83: 10 | X83: 8.5 | Y83: 7.1 | Z83: 10.7 | AA83: 8.8 | AB83: 10.7 | AC83: 10 | AD83: 5.4 | AE83: =ROUND(All_PCC_a[[#This Row],[L (mm)]]*All_PCC_a[[#This Row],[W (mm)]],1) -> 107 | AF83: =All_PCC_a[[#This Row],[L (mm)]]&" x "&All_PCC_a[[#This Row],[W (mm)]] -> 10,7 x 10 | AG83: 10 x 10 | AH83: =IF(All_PCC_a[[#This Row],[Max Height (mm)]]<=9,"≤ "&ROUNDUP(AD83,0),"≤"&ROUNDUP(AD83,0)) -> ≤ 6 | AI83: -40 | AJ83: 150 | AK83: =All_PCC_a[[#This Row],[Min Temp (deg.C)]]&" to +"&All_PCC_a[[#This Row],[Max Temp (deg.C)]] -> -40 to +150 | AO83: - | AP83: =IFERROR(IF(L1Round>1,ROUND(L1Round,1),L1Round),"-") -> - | AQ83: - | AR83: - | AS83: https://industrial.panasonic.com/ww/products/pt/automotive-inductors/models/ETQP5M100YFC | AT83: https://industrial.panasonic.com/content/data/CC/pictures/lineup-Metal-core.gif | AU83: =_xlfn.IMAGE(All_PCC_a[[#This Row],[Image URL]]) -> #NAME? | BC83: =IF(Z83<('[1]DCDC Ref'!$J$24/'[1]DCDC Ref'!$J$26)*'[1]DCDC Ref'!$J$28/100,0,1) -> 1 | BD83: =IF(BC83=1000000000,"",('All Data'!Q83-'[1]DCDC Ref'!$J$30)/'[1]DCDC Ref'!$J$30*100) -> 1482.4176 | BE83: =ABS(BD83) -> 1482.4176 | BH83: =IF(BG83<0,10000,BG83) -> 0 | BJ83: =IF(BC83=0,"",('All Data'!Z83-'[1]DCDC Ref'!$J$28*('[1]DCDC Ref'!$J$29/100))/'[1]DCDC Ref'!$J$28*('[1]DCDC Ref'!$J$29/100)*100) -> -4.0689655 | BK83: =IF(BJ83<0,10000,BJ83) -> 10000 | BQ83: =IFERROR(BE83*$BP$6+BK83*$BP$7,"") -> 7462087.9 | BR83: =IF(BQ83="","",RANK(BQ83,BQ$11:BQ$9930,1)+COUNTIF(BQ$11:BQ83,BQ83)-1) -> 95 | BS83: =RANK(BR83,BR$11:BR$9930,1) -> 95 | BT83: =IFERROR(INDEX($O$11:$O$1013,MATCH(ROWS($BS$11:BS83),$BS$11:$BS$1005,0)),"") -> ETQP4M4R7KVC | BU83: =IF(BT83<>"",BT83,"") -> ETQP4M4R7KVC
A84: 25 | B84: 〇 | D84: OK | F84: MP | G84: Panasonic | H84: SMD | I84: Metal Composite | J84: PCC | K84: High Isat (Standard) | L84: 5M-YFK | M84: PCC-M0854M | N84: Yes | O84: ETQP5M100YFK | P84: =MID(All_PCC_a[[#This Row],[Part Number]],7,3) -> 100 | Q84: 10 | R84: =IF(All_PCC_a[[#This Row],[Lo (uH)]]<1,"<1",IF(All_PCC_a[[#This Row],[Lo (uH)]]<10,"<10",IF(All_PCC_a[[#This Row],[Lo (uH)]]<100,"<100",IF(All_PCC_a[[#This Row],[Lo (uH)]]<2000,"<2000","")))) -> <100 | S84: =IFERROR(VLOOKUP(All_PCC_a[[#This Row],[Lo (uH)]],[1]Utility!$D$5:$E$43,2,1),"-") -> ≤ 10 | T84: 0.2 | U84: 33.4 | V84: 36.8 | W84: 10 | X84: 6.7 | Y84: 5.7 | Z84: 13 | AA84: 8.04 | AB84: 8.5 | AC84: 8 | AD84: 5.4 | AE84: =ROUND(All_PCC_a[[#This Row],[L (mm)]]*All_PCC_a[[#This Row],[W (mm)]],1) -> 68 | AF84: =All_PCC_a[[#This Row],[L (mm)]]&" x "&All_PCC_a[[#This Row],[W (mm)]] -> 8,5 x 8 | AG84: _8 x 8 | AH84: =IF(All_PCC_a[[#This Row],[Max Height (mm)]]<=9,"≤ "&ROUNDUP(AD84,0),"≤"&ROUNDUP(AD84,0)) -> ≤ 6 | AI84: -40 | AJ84: 150 | AK84: =All_PCC_a[[#This Row],[Min Temp (deg.C)]]&" to +"&All_PCC_a[[#This Row],[Max Temp (deg.C)]] -> -40 to +150 | AO84: - | AP84: =IFERROR(IF(L1Round>1,ROUND(L1Round,1),L1Round),"-") -> - | AQ84: - | AR84: - | AS84: https://industrial.panasonic.com/ww/products/pt/automotive-inductors/models/ETQP5M100YFK | AT84: https://industrial.panasonic.com/content/data/CC/pictures/lineup-Metal-core.gif | AU84: =_xlfn.IMAGE(All_PCC_a[[#This Row],[Image URL]]) -> #NAME? | BC84: =IF(Z84<('[1]DCDC Ref'!$J$24/'[1]DCDC Ref'!$J$26)*'[1]DCDC Ref'!$J$28/100,0,1) -> 1 | BD84: =IF(BC84=1000000000,"",('All Data'!Q84-'[1]DCDC Ref'!$J$30)/'[1]DCDC Ref'!$J$30*100) -> 1482.4176 | BE84: =ABS(BD84) -> 1482.4176 | BH84: =IF(BG84<0,10000,BG84) -> 0 | BJ84: =IF(BC84=0,"",('All Data'!Z84-'[1]DCDC Ref'!$J$28*('[1]DCDC Ref'!$J$29/100))/'[1]DCDC Ref'!$J$28*('[1]DCDC Ref'!$J$29/100)*100) -> 16.551724 | BK84: =IF(BJ84<0,10000,BJ84) -> 16.551724 | BQ84: =IFERROR(BE84*$BP$6+BK84*$BP$7,"") -> 7412170.7 | BR84: =IF(BQ84="","",RANK(BQ84,BQ$11:BQ$9930,1)+COUNTIF(BQ$11:BQ84,BQ84)-1) -> 92 | BS84: =RANK(BR84,BR$11:BR$9930,1) -> 92 | BT84: =IFERROR(INDEX($O$11:$O$1013,MATCH(ROWS($BS$11:BS84),$BS$11:$BS$1005,0)),"") -> ETQP4M4R7KVK | BU84: =IF(BT84<>"",BT84,"") -> ETQP4M4R7KVK
A85: 32 | B85: 〇 | D85: OK | F85: MP | G85: Panasonic | H85: SMD | I85: Metal Composite | J85: PCC | K85: High Isat (Standard) | L85: 5M-YFM | M85: PCC-M0754M | N85: Yes | O85: ETQP5M100YFM | P85: =MID(All_PCC_a[[#This Row],[Part Number]],7,3) -> 100 | Q85: 10 | R85: =IF(All_PCC_a[[#This Row],[Lo (uH)]]<1,"<1",IF(All_PCC_a[[#This Row],[Lo (uH)]]<10,"<10",IF(All_PCC_a[[#This Row],[Lo (uH)]]<100,"<100",IF(All_PCC_a[[#This Row],[Lo (uH)]]<2000,"<2000","")))) -> <100 | S85: =IFERROR(VLOOKUP(All_PCC_a[[#This Row],[Lo (uH)]],[1]Utility!$D$5:$E$43,2,1),"-") -> ≤ 10 | T85: 0.2 | U85: 37.6 | V85: 41.3 | W85: 10 | X85: 5.7 | Y85: 4.7 | Z85: 10.6 | AA85: 7.56 | AB85: 7.5 | AC85: 7 | AD85: 5.4 | AE85: =ROUND(All_PCC_a[[#This Row],[L (mm)]]*All_PCC_a[[#This Row],[W (mm)]],1) -> 52.5 | AF85: =All_PCC_a[[#This Row],[L (mm)]]&" x "&All_PCC_a[[#This Row],[W (mm)]] -> 7,5 x 7 | AG85: _7 x 7 | AH85: =IF(All_PCC_a[[#This Row],[Max Height (mm)]]<=9,"≤ "&ROUNDUP(AD85,0),"≤"&ROUNDUP(AD85,0)) -> ≤ 6 | AI85: -40 | AJ85: 150 | AK85: =All_PCC_a[[#This Row],[Min Temp (deg.C)]]&" to +"&All_PCC_a[[#This Row],[Max Temp (deg.C)]] -> -40 to +150 | AO85: - | AP85: =IFERROR(IF(L1Round>1,ROUND(L1Round,1),L1Round),"-") -> - | AQ85: - | AR85: - | AS85: https://industrial.panasonic.com/ww/products/pt/automotive-inductors/models/ETQP5M100YFM | AT85: https://industrial.panasonic.com/content/data/CC/pictures/lineup-Metal-core.gif | AU85: =_xlfn.IMAGE(All_PCC_a[[#This Row],[Image URL]]) -> #NAME? | BC85: =IF(Z85<('[1]DCDC Ref'!$J$24/'[1]DCDC Ref'!$J$26)*'[1]DCDC Ref'!$J$28/100,0,1) -> 1 | BD85: =IF(BC85=1000000000,"",('All Data'!Q85-'[1]DCDC Ref'!$J$30)/'[1]DCDC Ref'!$J$30*100) -> 1482.4176 | BE85: =ABS(BD85) -> 1482.4176 | BH85: =IF(BG85<0,10000,BG85) -> 0 | BJ85: =IF(BC85=0,"",('All Data'!Z85-'[1]DCDC Ref'!$J$28*('[1]DCDC Ref'!$J$29/100))/'[1]DCDC Ref'!$J$28*('[1]DCDC Ref'!$J$29/100)*100) -> -4.9655172 | BK85: =IF(BJ85<0,10000,BJ85) -> 10000 | BQ85: =IFERROR(BE85*$BP$6+BK85*$BP$7,"") -> 7462087.9 | BR85: =IF(BQ85="","",RANK(BQ85,BQ$11:BQ$9930,1)+COUNTIF(BQ$11:BQ85,BQ85)-1) -> 96 | BS85: =RANK(BR85,BR$11:BR$9930,1) -> 96 | BT85: =IFERROR(INDEX($O$11:$O$1013,MATCH(ROWS($BS$11:BS85),$BS$11:$BS$1005,0)),"") -> ETQP5M4R7YFC | BU85: =IF(BT85<>"",BT85,"") -> ETQP5M4R7YFC
A86: 52 | B86: 〇 | D86: OK | F86: MP | G86: Panasonic | H86: SMD | I86: Metal Composite | J86: PCC | K86: LP (Low Profile) | L86: 3M-KVP | M86: PCC-M0530M-LP | N86: Yes | O86: ETQP3M100KVP | P86: =MID(All_PCC_a[[#This Row],[Part Number]],7,3) -> 100 | Q86: 10 | R86: =IF(All_PCC_a[[#This Row],[Lo (uH)]]<1,"<1",IF(All_PCC_a[[#This Row],[Lo (uH)]]<10,"<10",IF(All_PCC_a[[#This Row],[Lo (uH)]]<100,"<100",IF(All_PCC_a[[#This Row],[Lo (uH)]]<2000,"<2000","")))) -> <100 | S86: =IFERROR(VLOOKUP(All_PCC_a[[#This Row],[Lo (uH)]],[1]Utility!$D$5:$E$43,2,1),"-") -> ≤ 10 | T86: 0.2 | U86: 96 | V86: 105.6 | W86: 10 | X86: 2.9 | Y86: 2.4 | Z86: 4.2 | AA86: 3.35 | AB86: 5.5 | AC86: 5 | AD86: 3 | AE86: =ROUND(All_PCC_a[[#This Row],[L (mm)]]*All_PCC_a[[#This Row],[W (mm)]],1) -> 27.5 | AF86: =All_PCC_a[[#This Row],[L (mm)]]&" x "&All_PCC_a[[#This Row],[W (mm)]] -> 5,5 x 5 | AG86: _5 x 5 | AH86: =IF(All_PCC_a[[#This Row],[Max Height (mm)]]<=9,"≤ "&ROUNDUP(AD86,0),"≤"&ROUNDUP(AD86,0)) -> ≤ 3 | AI86: -55 | AJ86: 155 | AK86: =All_PCC_a[[#This Row],[Min Temp (deg.C)]]&" to +"&All_PCC_a[[#This Row],[Max Temp (deg.C)]] -> -55 to +155 | AO86: - | AP86: =IFERROR(IF(L1Round>1,ROUND(L1Round,1),L1Round),"-") -> - | AQ86: - | AR86: - | AS86: https://industrial.panasonic.com/ww/products/pt/automotive-inductors/models/ETQP3M100KVP | AT86: https://industrial.panasonic.com/content/data/CC/pictures/lineup-LP.gif | AU86: =_xlfn.IMAGE(All_PCC_a[[#This Row],[Image URL]]) -> #NAME? | BC86: =IF(Z86<('[1]DCDC Ref'!$J$24/'[1]DCDC Ref'!$J$26)*'[1]DCDC Ref'!$J$28/100,0,1) -> 1 | BD86: =IF(BC86=1000000000,"",('All Data'!Q86-'[1]DCDC Ref'!$J$30)/'[1]DCDC Ref'!$J$30*100) -> 1482.4176 | BE86: =ABS(BD86) -> 1482.4176 | BH86: =IF(BG86<0,10000,BG86) -> 0 | BJ86: =IF(BC86=0,"",('All Data'!Z86-'[1]DCDC Ref'!$J$28*('[1]DCDC Ref'!$J$29/100))/'[1]DCDC Ref'!$J$28*('[1]DCDC Ref'!$J$29/100)*100) -> -62.344828 | BK86: =IF(BJ86<0,10000,BJ86) -> 10000 | BQ86: =IFERROR(BE86*$BP$6+BK86*$BP$7,"") -> 7462087.9 | BR86: =IF(BQ86="","",RANK(BQ86,BQ$11:BQ$9930,1)+COUNTIF(BQ$11:BQ86,BQ86)-1) -> 97 | BS86: =RANK(BR86,BR$11:BR$9930,1) -> 97 | BT86: =IFERROR(INDEX($O$11:$O$1013,MATCH(ROWS($BS$11:BS86),$BS$11:$BS$1005,0)),"") -> ETQP6M4R7YLC | BU86: =IF(BT86<>"",BT86,"") -> ETQP6M4R7YLC
A87: 63 | B87: 〇 | D87: OK | F87: MP | G87: Panasonic | H87: SMD | I87: Metal Composite | J87: PCC | K87: LP (Low Profile) | L87: 3M-KVN | M87: PCC-M0630M-LP | N87: Yes | O87: ETQP3M100KVN | P87: =MID(All_PCC_a[[#This Row],[Part Number]],7,3) -> 100 | Q87: 10 | R87: =IF(All_PCC_a[[#This Row],[Lo (uH)]]<1,"<1",IF(All_PCC_a[[#This Row],[Lo (uH)]]<10,"<10",IF(All_PCC_a[[#This Row],[Lo (uH)]]<100,"<100",IF(All_PCC_a[[#This Row],[Lo (uH)]]<2000,"<2000","")))) -> <100 | S87: =IFERROR(VLOOKUP(All_PCC_a[[#This Row],[Lo (uH)]],[1]Utility!$D$5:$E$43,2,1),"-") -> ≤ 10 | T87: 0.2 | U87: 71 | V87: 78.1 | W87: 10 | X87: 3.6 | Y87: 2.9 | Z87: 5.8 | AA87: 4.22 | AB87: 6.4 | AC87: 6 | AD87: 3 | AE87: =ROUND(All_PCC_a[[#This Row],[L (mm)]]*All_PCC_a[[#This Row],[W (mm)]],1) -> 38.4 | AF87: =All_PCC_a[[#This Row],[L (mm)]]&" x "&All_PCC_a[[#This Row],[W (mm)]] -> 6,4 x 6 | AG87: _6 x 6 | AH87: =IF(All_PCC_a[[#This Row],[Max Height (mm)]]<=9,"≤ "&ROUNDUP(AD87,0),"≤"&ROUNDUP(AD87,0)) -> ≤ 3 | AI87: -55 | AJ87: 155 | AK87: =All_PCC_a[[#This Row],[Min Temp (deg.C)]]&" to +"&All_PCC_a[[#This Row],[Max Temp (deg.C)]] -> -55 to +155 | AO87: - | AP87: =IFERROR(IF(L1Round>1,ROUND(L1Round,1),L1Round),"-") -> - | AQ87: - | AR87: - | AS87: https://industrial.panasonic.com/ww/products/pt/automotive-inductors/models/ETQP3M100KVN | AT87: https://industrial.panasonic.com/content/data/CC/pictures/lineup-LP.gif | AU87: =_xlfn.IMAGE(All_PCC_a[[#This Row],[Image URL]]) -> #NAME? | BC87: =IF(Z87<('[1]DCDC Ref'!$J$24/'[1]DCDC Ref'!$J$26)*'[1]DCDC Ref'!$J$28/100,0,1) -> 1 | BD87: =IF(BC87=1000000000,"",('All Data'!Q87-'[1]DCDC Ref'!$J$30)/'[1]DCDC Ref'!$J$30*100) -> 1482.4176 | BE87: =ABS(BD87) -> 1482.4176 | BH87: =IF(BG87<0,10000,BG87) -> 0 | BJ87: =IF(BC87=0,"",('All Data'!Z87-'[1]DCDC Ref'!$J$28*('[1]DCDC Ref'!$J$29/100))/'[1]DCDC Ref'!$J$28*('[1]DCDC Ref'!$J$29/100)*100) -> -48 | BK87: =IF(BJ87<0,10000,BJ87) -> 10000 | BQ87: =IFERROR(BE87*$BP$6+BK87*$BP$7,"") -> 7462087.9 | BR87: =IF(BQ87="","",RANK(BQ87,BQ$11:BQ$9930,1)+COUNTIF(BQ$11:BQ87,BQ87)-1) -> 98 | BS87: =RANK(BR87,BR$11:BR$9930,1) -> 98 | BT87: =IFERROR(INDEX($O$11:$O$1013,MATCH(ROWS($BS$11:BS87),$BS$11:$BS$1005,0)),"") -> ETQP8M4R7JFA | BU87: =IF(BT87<>"",BT87,"") -> ETQP8M4R7JFA
A88: 74 | B88: 〇 | D88: OK | F88: MP | G88: Panasonic | H88: SMD | I88: Metal Composite | J88: PCC | K88: LP (Low Profile) | L88: 4M-KVK | M88: PCC-M0840M-LP | N88: Yes | O88: ETQP4M100KVK | P88: =MID(All_PCC_a[[#This Row],[Part Number]],7,3) -> 100 | Q88: 10 | R88: =IF(All_PCC_a[[#This Row],[Lo (uH)]]<1,"<1",IF(All_PCC_a[[#This Row],[Lo (uH)]]<10,"<10",IF(All_PCC_a[[#This Row],[Lo (uH)]]<100,"<100",IF(All_PCC_a[[#This Row],[Lo (uH)]]<2000,"<2000","")))) -> <100 | S88: =IFERROR(VLOOKUP(All_PCC_a[[#This Row],[Lo (uH)]],[1]Utility!$D$5:$E$43,2,1),"-") -> ≤ 10 | T88: 0.2 | U88: 41.6 | V88: 45.76 | W88: 10 | X88: 5.2 | Y88: 4.4 | Z88: 9.1 | AA88: 6.79 | AB88: 8.4 | AC88: 8 | AD88: 4 | AE88: =ROUND(All_PCC_a[[#This Row],[L (mm)]]*All_PCC_a[[#This Row],[W (mm)]],1) -> 67.2 | AF88: =All_PCC_a[[#This Row],[L (mm)]]&" x "&All_PCC_a[[#This Row],[W (mm)]] -> 8,4 x 8 | AG88: _8 x 8 | AH88: =IF(All_PCC_a[[#This Row],[Max Height (mm)]]<=9,"≤ "&ROUNDUP(AD88,0),"≤"&ROUNDUP(AD88,0)) -> ≤ 4 | AI88: -55 | AJ88: 155 | AK88: =All_PCC_a[[#This Row],[Min Temp (deg.C)]]&" to +"&All_PCC_a[[#This Row],[Max Temp (deg.C)]] -> -55 to +155 | AO88: - | AP88: =IFERROR(IF(L1Round>1,ROUND(L1Round,1),L1Round),"-") -> - | AQ88: - | AR88: - | AS88: https://industrial.panasonic.com/ww/products/pt/automotive-inductors/models/ETQP4M100KVK | AT88: https://industrial.panasonic.com/content/data/CC/pictures/lineup-LP.gif | AU88: =_xlfn.IMAGE(All_PCC_a[[#This Row],[Image URL]]) -> #NAME? | BC88: =IF(Z88<('[1]DCDC Ref'!$J$24/'[1]DCDC Ref'!$J$26)*'[1]DCDC Ref'!$J$28/100,0,1) -> 1 | BD88: =IF(BC88=1000000000,"",('All Data'!Q88-'[1]DCDC Ref'!$J$30)/'[1]DCDC Ref'!$J$30*100) -> 1482.4176 | BE88: =ABS(BD88) -> 1482.4176 | BH88: =IF(BG88<0,10000,BG88) -> 0 | BJ88: =IF(BC88=0,"",('All Data'!Z88-'[1]DCDC Ref'!$J$28*('[1]DCDC Ref'!$J$29/100))/'[1]DCDC Ref'!$J$28*('[1]DCDC Ref'!$J$29/100)*100) -> -18.413793 | BK88: =IF(BJ88<0,10000,BJ88) -> 10000 | BQ88: =IFERROR(BE88*$BP$6+BK88*$BP$7,"") -> 7462087.9 | BR88: =IF(BQ88="","",RANK(BQ88,BQ$11:BQ$9930,1)+COUNTIF(BQ$11:BQ88,BQ88)-1) -> 99 | BS88: =RANK(BR88,BR$11:BR$9930,1) -> 99 | BT88: =IFERROR(INDEX($O$11:$O$1013,MATCH(ROWS($BS$11:BS88),$BS$11:$BS$1005,0)),"") -> ETQPAM4R7JFW | BU88: =IF(BT88<>"",BT88,"") -> ETQPAM4R7JFW
A89: 86 | B89: 〇 | D89: OK | F89: MP | G89: Panasonic | H89: SMD | I89: Metal Composite | J89: PCC | K89: LP (Low Profile) | L89: 4M-KVC | M89: PCC-M1040M-LP | N89: Yes | O89: ETQP4M100KVC | P89: =MID(All_PCC_a[[#This Row],[Part Number]],7,3) -> 100 | Q89: 10 | R89: =IF(All_PCC_a[[#This Row],[Lo (uH)]]<1,"<1",IF(All_PCC_a[[#This Row],[Lo (uH)]]<10,"<10",IF(All_PCC_a[[#This Row],[Lo (uH)]]<100,"<100",IF(All_PCC_a[[#This Row],[Lo (uH)]]<2000,"<2000","")))) -> <100 | S89: =IFERROR(VLOOKUP(All_PCC_a[[#This Row],[Lo (uH)]],[1]Utility!$D$5:$E$43,2,1),"-") -> ≤ 10 | T89: 0.2 | U89: 25.4 | V89: 27.94 | W89: 10 | X89: 7.6 | Y89: 6.3 | Z89: 10.8 | AA89: 8.09 | AB89: 10.7 | AC89: 10 | AD89: 4 | AE89: =ROUND(All_PCC_a[[#This Row],[L (mm)]]*All_PCC_a[[#This Row],[W (mm)]],1) -> 107 | AF89: =All_PCC_a[[#This Row],[L (mm)]]&" x "&All_PCC_a[[#This Row],[W (mm)]] -> 10,7 x 10 | AG89: 10 x 10 | AH89: =IF(All_PCC_a[[#This Row],[Max Height (mm)]]<=9,"≤ "&ROUNDUP(AD89,0),"≤"&ROUNDUP(AD89,0)) -> ≤ 4 | AI89: -55 | AJ89: 155 | AK89: =All_PCC_a[[#This Row],[Min Temp (deg.C)]]&" to +"&All_PCC_a[[#This Row],[Max Temp (deg.C)]] -> -55 to +155 | AO89: - | AP89: =IFERROR(IF(L1Round>1,ROUND(L1Round,1),L1Round),"-") -> - | AQ89: - | AR89: - | AS89: https://industrial.panasonic.com/ww/products/pt/automotive-inductors/models/ETQP4M100KVC | AT89: https://industrial.panasonic.com/content/data/CC/pictures/lineup-LP.gif | AU89: =_xlfn.IMAGE(All_PCC_a[[#This Row],[Image URL]]) -> #NAME? | BC89: =IF(Z89<('[1]DCDC Ref'!$J$24/'[1]DCDC Ref'!$J$26)*'[1]DCDC Ref'!$J$28/100,0,1) -> 1 | BD89: =IF(BC89=1000000000,"",('All Data'!Q89-'[1]DCDC Ref'!$J$30)/'[1]DCDC Ref'!$J$30*100) -> 1482.4176 | BE89: =ABS(BD89) -> 1482.4176 | BH89: =IF(BG89<0,10000,BG89) -> 0 | BJ89: =IF(BC89=0,"",('All Data'!Z89-'[1]DCDC Ref'!$J$28*('[1]DCDC Ref'!$J$29/100))/'[1]DCDC Ref'!$J$28*('[1]DCDC Ref'!$J$29/100)*100) -> -3.1724138 | BK89: =IF(BJ89<0,10000,BJ89) -> 10000 | BQ89: =IFERROR(BE89*$BP$6+BK89*$BP$7,"") -> 7462087.9 | BR89: =IF(BQ89="","",RANK(BQ89,BQ$11:BQ$9930,1)+COUNTIF(BQ$11:BQ89,BQ89)-1) -> 100 | BS89: =RANK(BR89,BR$11:BR$9930,1) -> 100 | BT89: =IFERROR(INDEX($O$11:$O$1013,MATCH(ROWS($BS$11:BS89),$BS$11:$BS$1005,0)),"") -> ETQP4M4R7YFP | BU89: =IF(BT89<>"",BT89,"") -> ETQP4M4R7YFP
A90: 94 | B90: 〇 | D90: OK | F90: MP | G90: Panasonic | H90: SMD | I90: Metal Composite | J90: PCC | K90: High Frequency | L90: 3M-HFN | M90: PCC-M0630M-H | N90: Yes | O90: ETQP3M100HFN | P90: =MID(All_PCC_a[[#This Row],[Part Number]],7,3) -> 100 | Q90: 10 | R90: =IF(All_PCC_a[[#This Row],[Lo (uH)]]<1,"<1",IF(All_PCC_a[[#This Row],[Lo (uH)]]<10,"<10",IF(All_PCC_a[[#This Row],[Lo (uH)]]<100,"<100",IF(All_PCC_a[[#This Row],[Lo (uH)]]<2000,"<2000","")))) -> <100 | S90: =IFERROR(VLOOKUP(All_PCC_a[[#This Row],[Lo (uH)]],[1]Utility!$D$5:$E$43,2,1),"-") -> ≤ 10 | T90: 0.2 | U90: 68 | V90: 74.8 | W90: 20 | X90: 3.7 | Y90: 3 | Z90: 5.5 | AA90: 3.8 | AB90: 6.5 | AC90: 6 | AD90: 3 | AE90: =ROUND(All_PCC_a[[#This Row],[L (mm)]]*All_PCC_a[[#This Row],[W (mm)]],1) -> 39 | AF90: =All_PCC_a[[#This Row],[L (mm)]]&" x "&All_PCC_a[[#This Row],[W (mm)]] -> 6,5 x 6 | AG90: _6 x 6 | AH90: =IF(All_PCC_a[[#This Row],[Max Height (mm)]]<=9,"≤ "&ROUNDUP(AD90,0),"≤"&ROUNDUP(AD90,0)) -> ≤ 3 | AI90: -40 | AJ90: 150 | AK90: =All_PCC_a[[#This Row],[Min Temp (deg.C)]]&" to +"&All_PCC_a[[#This Row],[Max Temp (deg.C)]] -> -40 to +150 | AO90: - | AP90: =IFERROR(IF(L1Round>1,ROUND(L1Round,1),L1Round),"-") -> - | AQ90: - | AR90: - | AS90: https://industrial.panasonic.com/ww/products/pt/automotive-inductors/models/ETQP3M100HFN | AT90: https://industrial.panasonic.com/content/data/CC/pictures/lineup-H.gif | AU90: =_xlfn.IMAGE(All_PCC_a[[#This Row],[Image URL]]) -> #NAME? | BC90: =IF(Z90<('[1]DCDC Ref'!$J$24/'[1]DCDC Ref'!$J$26)*'[1]DCDC Ref'!$J$28/100,0,1) -> 1 | BD90: =IF(BC90=1000000000,"",('All Data'!Q90-'[1]DCDC Ref'!$J$30)/'[1]DCDC Ref'!$J$30*100) -> 1482.4176 | BE90: =ABS(BD90) -> 1482.4176 | BH90: =IF(BG90<0,10000,BG90) -> 0 | BJ90: =IF(BC90=0,"",('All Data'!Z90-'[1]DCDC Ref'!$J$28*('[1]DCDC Ref'!$J$29/100))/'[1]DCDC Ref'!$J$28*('[1]DCDC Ref'!$J$29/100)*100) -> -50.689655 | BK90: =IF(BJ90<0,10000,BJ90) -> 10000 | BQ90: =IFERROR(BE90*$BP$6+BK90*$BP$7,"") -> 7462087.9 | BR90: =IF(BQ90="","",RANK(BQ90,BQ$11:BQ$9930,1)+COUNTIF(BQ$11:BQ90,BQ90)-1) -> 101 | BS90: =RANK(BR90,BR$11:BR$9930,1) -> 101 | BT90: =IFERROR(INDEX($O$11:$O$1013,MATCH(ROWS($BS$11:BS90),$BS$11:$BS$1005,0)),"") -> ETQP3M4R7KVP | BU90: =IF(BT90<>"",BT90,"") -> ETQP3M4R7KVP
A91: 99 | B91: 〇 | D91: OK | F91: MP | G91: Panasonic | H91: SMD | I91: Metal Composite | J91: PCC | K91: LE (Low Price) | L91: 4M-KFN | M91: PCC-M0648M-LE | N91: Yes | O91: ETQP4M100KFN | P91: =MID(All_PCC_a[[#This Row],[Part Number]],7,3) -> 100 | Q91: 10 | R91: =IF(All_PCC_a[[#This Row],[Lo (uH)]]<1,"<1",IF(All_PCC_a[[#This Row],[Lo (uH)]]<10,"<10",IF(All_PCC_a[[#This Row],[Lo (uH)]]<100,"<100",IF(All_PCC_a[[#This Row],[Lo (uH)]]<2000,"<2000","")))) -> <100 | S91: =IFERROR(VLOOKUP(All_PCC_a[[#This Row],[Lo (uH)]],[1]Utility!$D$5:$E$43,2,1),"-") -> ≤ 10 | T91: 0.2 | U91: 40.4 | V91: 44.44 | W91: 10 | X91: 5.2 | Y91: 4.1 | Z91: 8.1 | AA91: 6.6 | AB91: 6.4 | AC91: 6 | AD91: 4.8 | AE91: =ROUND(All_PCC_a[[#This Row],[L (mm)]]*All_PCC_a[[#This Row],[W (mm)]],1) -> 38.4 | AF91: =All_PCC_a[[#This Row],[L (mm)]]&" x "&All_PCC_a[[#This Row],[W (mm)]] -> 6,4 x 6 | AG91: _6 x 6 | AH91: =IF(All_PCC_a[[#This Row],[Max Height (mm)]]<=9,"≤ "&ROUNDUP(AD91,0),"≤"&ROUNDUP(AD91,0)) -> ≤ 5 | AI91: -40 | AJ91: 150 | AK91: =All_PCC_a[[#This Row],[Min Temp (deg.C)]]&" to +"&All_PCC_a[[#This Row],[Max Temp (deg.C)]] -> -40 to +150 | AO91: - | AP91: =IFERROR(IF(L1Round>1,ROUND(L1Round,1),L1Round),"-") -> - | AQ91: - | AR91: - | AS91: https://industrial.panasonic.com/ww/products/pt/automotive-inductors/models/ETQP4M100KFN | AT91: https://industrial.panasonic.com/content/data/CC/pictures/lineup-LE.gif | AU91: =_xlfn.IMAGE(All_PCC_a[[#This Row],[Image URL]]) -> #NAME? | BC91: =IF(Z91<('[1]DCDC Ref'!$J$24/'[1]DCDC Ref'!$J$26)*'[1]DCDC Ref'!$J$28/100,0,1) -> 1 | BD91: =IF(BC91=1000000000,"",('All Data'!Q91-'[1]DCDC Ref'!$J$30)/'[1]DCDC Ref'!$J$30*100) -> 1482.4176 | BE91: =ABS(BD91) -> 1482.4176 | BH91: =IF(BG91<0,10000,BG91) -> 0 | BJ91: =IF(BC91=0,"",('All Data'!Z91-'[1]DCDC Ref'!$J$28*('[1]DCDC Ref'!$J$29/100))/'[1]DCDC Ref'!$J$28*('[1]DCDC Ref'!$J$29/100)*100) -> -27.37931 | BK91: =IF(BJ91<0,10000,BJ91) -> 10000 | BQ91: =IFERROR(BE91*$BP$6+BK91*$BP$7,"") -> 7462087.9 | BR91: =IF(BQ91="","",RANK(BQ91,BQ$11:BQ$9930,1)+COUNTIF(BQ$11:BQ91,BQ91)-1) -> 102 | BS91: =RANK(BR91,BR$11:BR$9930,1) -> 102 | BT91: =IFERROR(INDEX($O$11:$O$1013,MATCH(ROWS($BS$11:BS91),$BS$11:$BS$1005,0)),"") -> ETQP3M4R7KVN | BU91: =IF(BT91<>"",BT91,"") -> ETQP3M4R7KVN
A92: 102 | B92: 〇 | D92: OK | F92: MP | G92: Panasonic | H92: SMD | I92: Metal Composite | J92: PCC | K92: LE (Low Price) | L92: 4M-KFM | M92: PCC-M0748M-LE | N92: Yes | O92: ETQP4M100KFM | P92: =MID(All_PCC_a[[#This Row],[Part Number]],7,3) -> 100 | Q92: 10 | R92: =IF(All_PCC_a[[#This Row],[Lo (uH)]]<1,"<1",IF(All_PCC_a[[#This Row],[Lo (uH)]]<10,"<10",IF(All_PCC_a[[#This Row],[Lo (uH)]]<100,"<100",IF(All_PCC_a[[#This Row],[Lo (uH)]]<2000,"<2000","")))) -> <100 | S92: =IFERROR(VLOOKUP(All_PCC_a[[#This Row],[Lo (uH)]],[1]Utility!$D$5:$E$43,2,1),"-") -> ≤ 10 | T92: 0.2 | U92: 36 | V92: 39.6 | W92: 10 | X92: 6 | Y92: 4.5 | Z92: 9.6 | AA92: 6.7 | AB92: 7.4 | AC92: 7 | AD92: 4.8 | AE92: =ROUND(All_PCC_a[[#This Row],[L (mm)]]*All_PCC_a[[#This Row],[W (mm)]],1) -> 51.8 | AF92: =All_PCC_a[[#This Row],[L (mm)]]&" x "&All_PCC_a[[#This Row],[W (mm)]] -> 7,4 x 7 | AG92: _7 x 7 | AH92: =IF(All_PCC_a[[#This Row],[Max Height (mm)]]<=9,"≤ "&ROUNDUP(AD92,0),"≤"&ROUNDUP(AD92,0)) -> ≤ 5 | AI92: -40 | AJ92: 150 | AK92: =All_PCC_a[[#This Row],[Min Temp (deg.C)]]&" to +"&All_PCC_a[[#This Row],[Max Temp (deg.C)]] -> -40 to +150 | AO92: - | AP92: =IFERROR(IF(L1Round>1,ROUND(L1Round,1),L1Round),"-") -> - | AQ92: - | AR92: - | AS92: https://industrial.panasonic.com/ww/products/pt/automotive-inductors/models/ETQP4M100KFM | AT92: https://industrial.panasonic.com/content/data/CC/pictures/lineup-LE.gif | AU92: =_xlfn.IMAGE(All_PCC_a[[#This Row],[Image URL]]) -> #NAME? | BC92: =IF(Z92<('[1]DCDC Ref'!$J$24/'[1]DCDC Ref'!$J$26)*'[1]DCDC Ref'!$J$28/100,0,1) -> 1 | BD92: =IF(BC92=1000000000,"",('All Data'!Q92-'[1]DCDC Ref'!$J$30)/'[1]DCDC Ref'!$J$30*100) -> 1482.4176 | BE92: =ABS(BD92) -> 1482.4176 | BH92: =IF(BG92<0,10000,BG92) -> 0 | BJ92: =IF(BC92=0,"",('All Data'!Z92-'[1]DCDC Ref'!$J$28*('[1]DCDC Ref'!$J$29/100))/'[1]DCDC Ref'!$J$28*('[1]DCDC Ref'!$J$29/100)*100) -> -13.931034 | BK92: =IF(BJ92<0,10000,BJ92) -> 10000 | BQ92: =IFERROR(BE92*$BP$6+BK92*$BP$7,"") -> 7462087.9 | BR92: =IF(BQ92="","",RANK(BQ92,BQ$11:BQ$9930,1)+COUNTIF(BQ$11:BQ92,BQ92)-1) -> 103 | BS92: =RANK(BR92,BR$11:BR$9930,1) -> 103 | BT92: =IFERROR(INDEX($O$11:$O$1013,MATCH(ROWS($BS$11:BS92),$BS$11:$BS$1005,0)),"") -> ETQP4M4R7KFN | BU92: =IF(BT92<>"",BT92,"") -> ETQP4M4R7KFN
A93: 123 | B93: 〇 | C93: 44883 | D93: OK | F93: MP | G93: Panasonic | H93: SMD | I93: Metal Composite | J93: PCC | K93: High Isat (Standard) | L93: 5M-GAK | M93: PCC-M0854M | N93: Yes | O93: ETQP5M100GAK | P93: =MID(All_PCC_a[[#This Row],[Part Number]],7,3) -> 100 | Q93: 10 | R93: =IF(All_PCC_a[[#This Row],[Lo (uH)]]<1,"<1",IF(All_PCC_a[[#This Row],[Lo (uH)]]<10,"<10",IF(All_PCC_a[[#This Row],[Lo (uH)]]<100,"<100",IF(All_PCC_a[[#This Row],[Lo (uH)]]<2000,"<2000","")))) -> <100 | S93: =IFERROR(VLOOKUP(All_PCC_a[[#This Row],[Lo (uH)]],[1]Utility!$D$5:$E$43,2,1),"-") -> ≤ 10 | T93: 0.2 | U93: 31.5 | V93: 34.65 | W93: 10 | X93: 6.9 | Y93: 5.9 | Z93: 11.1 | AA93: 7.7 | AB93: 8.5 | AC93: 8 | AD93: 5.4 | AE93: =ROUND(All_PCC_a[[#This Row],[L (mm)]]*All_PCC_a[[#This Row],[W (mm)]],1) -> 68 | AF93: =All_PCC_a[[#This Row],[L (mm)]]&" x "&All_PCC_a[[#This Row],[W (mm)]] -> 8,5 x 8 | AG93: _8 x 8 | AH93: =IF(All_PCC_a[[#This Row],[Max Height (mm)]]<=9,"≤ "&ROUNDUP(AD93,0),"≤"&ROUNDUP(AD93,0)) -> ≤ 6 | AI93: -40 | AJ93: 150 | AK93: =All_PCC_a[[#This Row],[Min Temp (deg.C)]]&" to +"&All_PCC_a[[#This Row],[Max Temp (deg.C)]] -> -40 to +150 | AO93: - | AP93: =IFERROR(IF(L1Round>1,ROUND(L1Round,1),L1Round),"-") -> - | AQ93: - | AR93: - | AS93: https://industrial.panasonic.com/ww/products/pt/automotive-inductors/models/ETQP5M100GAK | AT93: https://industrial.panasonic.com/content/data/CC/pictures/lineup-Metal-core.gif | AU93: =_xlfn.IMAGE(All_PCC_a[[#This Row],[Image URL]]) -> #NAME? | BC93: =IF(Z93<('[1]DCDC Ref'!$J$24/'[1]DCDC Ref'!$J$26)*'[1]DCDC Ref'!$J$28/100,0,1) -> 1 | BD93: =IF(BC93=1000000000,"",('All Data'!Q93-'[1]DCDC Ref'!$J$30)/'[1]DCDC Ref'!$J$30*100) -> 1482.4176 | BE93: =ABS(BD93) -> 1482.4176 | BH93: =IF(BG93<0,10000,BG93) -> 0 | BJ93: =IF(BC93=0,"",('All Data'!Z93-'[1]DCDC Ref'!$J$28*('[1]DCDC Ref'!$J$29/100))/'[1]DCDC Ref'!$J$28*('[1]DCDC Ref'!$J$29/100)*100) -> -0.48275862 | BK93: =IF(BJ93<0,10000,BJ93) -> 10000 | BQ93: =IFERROR(BE93*$BP$6+BK93*$BP$7,"") -> 7462087.9 | BR93: =IF(BQ93="","",RANK(BQ93,BQ$11:BQ$9930,1)+COUNTIF(BQ$11:BQ93,BQ93)-1) -> 104 | BS93: =RANK(BR93,BR$11:BR$9930,1) -> 104 | BT93: =IFERROR(INDEX($O$11:$O$1013,MATCH(ROWS($BS$11:BS93),$BS$11:$BS$1005,0)),"") -> ETQP4M4R7KFM | BU93: =IF(BT93<>"",BT93,"") -> ETQP4M4R7KFM
A94: 112 | B94: 〇 | C94: 2021/11/12 カタログ追加。2020/8/3追加 | D94: OK | F94: MP | G94: Panasonic | H94: SMD | I94: Metal Composite | J94: PCC | K94: High Isat (Standard) | L94: 6M-KLC | M94: PCC-M1060ML | N94: Yes | O94: ETQP6M150KLC | P94: =MID(All_PCC_a[[#This Row],[Part Number]],7,3) -> 150 | Q94: 14 | R94: =IF(All_PCC_a[[#This Row],[Lo (uH)]]<1,"<1",IF(All_PCC_a[[#This Row],[Lo (uH)]]<10,"<10",IF(All_PCC_a[[#This Row],[Lo (uH)]]<100,"<100",IF(All_PCC_a[[#This Row],[Lo (uH)]]<2000,"<2000","")))) -> <100 | S94: =IFERROR(VLOOKUP(All_PCC_a[[#This Row],[Lo (uH)]],[1]Utility!$D$5:$E$43,2,1),"-") -> ≤ 20 | T94: 0.2 | U94: 28 | V94: 30.8 | W94: 10 | X94: 7.9 | Y94: 6.5 | Z94: 11.2 | AA94: 8 | AB94: 10.9 | AC94: 10 | AD94: 6 | AE94: =ROUND(All_PCC_a[[#This Row],[L (mm)]]*All_PCC_a[[#This Row],[W (mm)]],1) -> 109 | AF94: =All_PCC_a[[#This Row],[L (mm)]]&" x "&All_PCC_a[[#This Row],[W (mm)]] -> 10,9 x 10 | AG94: 10 x 10 | AH94: =IF(All_PCC_a[[#This Row],[Max Height (mm)]]<=9,"≤ "&ROUNDUP(AD94,0),"≤"&ROUNDUP(AD94,0)) -> ≤ 6 | AI94: -40 | AJ94: 150 | AK94: =All_PCC_a[[#This Row],[Min Temp (deg.C)]]&" to +"&All_PCC_a[[#This Row],[Max Temp (deg.C)]] -> -40 to +150 | AO94: - | AP94: =IFERROR(IF(L1Round>1,ROUND(L1Round,1),L1Round),"-") -> - | AQ94: - | AR94: - | AS94: https://industrial.panasonic.com/ww/products/pt/automotive-inductors/models/ETQP6M150KLC | AT94: https://industrial.panasonic.com/content/data/CC/pictures/lineup-Metal-core.gif | AU94: =_xlfn.IMAGE(All_PCC_a[[#This Row],[Image URL]]) -> #NAME? | BC94: =IF(Z94<('[1]DCDC Ref'!$J$24/'[1]DCDC Ref'!$J$26)*'[1]DCDC Ref'!$J$28/100,0,1) -> 1 | BD94: =IF(BC94=1000000000,"",('All Data'!Q94-'[1]DCDC Ref'!$J$30)/'[1]DCDC Ref'!$J$30*100) -> 2115.3846 | BE94: =ABS(BD94) -> 2115.3846 | BH94: =IF(BG94<0,10000,BG94) -> 0 | BJ94: =IF(BC94=0,"",('All Data'!Z94-'[1]DCDC Ref'!$J$28*('[1]DCDC Ref'!$J$29/100))/'[1]DCDC Ref'!$J$28*('[1]DCDC Ref'!$J$29/100)*100) -> 0.4137931 | BK94: =IF(BJ94<0,10000,BJ94) -> 0.4137931 | BQ94: =IFERROR(BE94*$BP$6+BK94*$BP$7,"") -> 10576925 | BR94: =IF(BQ94="","",RANK(BQ94,BQ$11:BQ$9930,1)+COUNTIF(BQ$11:BQ94,BQ94)-1) -> 106 | BS94: =RANK(BR94,BR$11:BR$9930,1) -> 106 | BT94: =IFERROR(INDEX($O$11:$O$1013,MATCH(ROWS($BS$11:BS94),$BS$11:$BS$1005,0)),"") -> ETQP5M6R8YFM | BU94: =IF(BT94<>"",BT94,"") -> ETQP5M6R8YFM
A95: 18 | B95: 〇 | D95: OK | F95: MP | G95: Panasonic | H95: SMD | I95: Metal Composite | J95: PCC | K95: High Isat (Standard) | L95: 5M-YFC | M95: PCC-M1054M | N95: Yes | O95: ETQP5M150YFC | P95: =MID(All_PCC_a[[#This Row],[Part Number]],7,3) -> 150 | Q95: 15 | R95: =IF(All_PCC_a[[#This Row],[Lo (uH)]]<1,"<1",IF(All_PCC_a[[#This Row],[Lo (uH)]]<10,"<10",IF(All_PCC_a[[#This Row],[Lo (uH)]]<100,"<100",IF(All_PCC_a[[#This Row],[Lo (uH)]]<2000,"<2000","")))) -> <100 | S95: =IFERROR(VLOOKUP(All_PCC_a[[#This Row],[Lo (uH)]],[1]Utility!$D$5:$E$43,2,1),"-") -> ≤ 20 | T95: 0.2 | U95: 35.6 | V95: 39.16 | W95: 10 | X95: 7 | Y95: 5.8 | Z95: 12 | AA95: 7.33 | AB95: 10.7 | AC95: 10 | AD95: 5.4 | AE95: =ROUND(All_PCC_a[[#This Row],[L (mm)]]*All_PCC_a[[#This Row],[W (mm)]],1) -> 107 | AF95: =All_PCC_a[[#This Row],[L (mm)]]&" x "&All_PCC_a[[#This Row],[W (mm)]] -> 10,7 x 10 | AG95: 10 x 10 | AH95: =IF(All_PCC_a[[#This Row],[Max Height (mm)]]<=9,"≤ "&ROUNDUP(AD95,0),"≤"&ROUNDUP(AD95,0)) -> ≤ 6 | AI95: -40 | AJ95: 150 | AK95: =All_PCC_a[[#This Row],[Min Temp (deg.C)]]&" to +"&All_PCC_a[[#This Row],[Max Temp (deg.C)]] -> -40 to +150 | AO95: - | AP95: =IFERROR(IF(L1Round>1,ROUND(L1Round,1),L1Round),"-") -> - | AQ95: - | AR95: - | AS95: https://industrial.panasonic.com/ww/products/pt/automotive-inductors/models/ETQP5M150YFC | AT95: https://industrial.panasonic.com/content/data/CC/pictures/lineup-Metal-core.gif | AU95: =_xlfn.IMAGE(All_PCC_a[[#This Row],[Image URL]]) -> #NAME? | BC95: =IF(Z95<('[1]DCDC Ref'!$J$24/'[1]DCDC Ref'!$J$26)*'[1]DCDC Ref'!$J$28/100,0,1) -> 1 | BD95: =IF(BC95=1000000000,"",('All Data'!Q95-'[1]DCDC Ref'!$J$30)/'[1]DCDC Ref'!$J$30*100) -> 2273.6264 | BE95: =ABS(BD95) -> 2273.6264 | BH95: =IF(BG95<0,10000,BG95) -> 0 | BJ95: =IF(BC95=0,"",('All Data'!Z95-'[1]DCDC Ref'!$J$28*('[1]DCDC Ref'!$J$29/100))/'[1]DCDC Ref'!$J$28*('[1]DCDC Ref'!$J$29/100)*100) -> 7.5862069 | BK95: =IF(BJ95<0,10000,BJ95) -> 7.5862069 | BQ95: =IFERROR(BE95*$BP$6+BK95*$BP$7,"") -> 11368170 | BR95: =IF(BQ95="","",RANK(BQ95,BQ$11:BQ$9930,1)+COUNTIF(BQ$11:BQ95,BQ95)-1) -> 107 | BS95: =RANK(BR95,BR$11:BR$9930,1) -> 107 | BT95: =IFERROR(INDEX($O$11:$O$1013,MATCH(ROWS($BS$11:BS95),$BS$11:$BS$1005,0)),"") -> ETQP4M6R8KVC | BU95: =IF(BT95<>"",BT95,"") -> ETQP4M6R8KVC
A96: 26 | B96: 〇 | D96: OK | F96: MP | G96: Panasonic | H96: SMD | I96: Metal Composite | J96: PCC | K96: High Isat (Standard) | L96: 5M-YFK | M96: PCC-M0854M | N96: Yes | O96: ETQP5M150YFK | P96: =MID(All_PCC_a[[#This Row],[Part Number]],7,3) -> 150 | Q96: 15 | R96: =IF(All_PCC_a[[#This Row],[Lo (uH)]]<1,"<1",IF(All_PCC_a[[#This Row],[Lo (uH)]]<10,"<10",IF(All_PCC_a[[#This Row],[Lo (uH)]]<100,"<100",IF(All_PCC_a[[#This Row],[Lo (uH)]]<2000,"<2000","")))) -> <100 | S96: =IFERROR(VLOOKUP(All_PCC_a[[#This Row],[Lo (uH)]],[1]Utility!$D$5:$E$43,2,1),"-") -> ≤ 20 | T96: 0.2 | U96: 48.2 | V96: 53.1 | W96: 10 | X96: 5.5 | Y96: 4.7 | Z96: 7.2 | AA96: 5.58 | AB96: 8.5 | AC96: 8 | AD96: 5.4 | AE96: =ROUND(All_PCC_a[[#This Row],[L (mm)]]*All_PCC_a[[#This Row],[W (mm)]],1) -> 68 | AF96: =All_PCC_a[[#This Row],[L (mm)]]&" x "&All_PCC_a[[#This Row],[W (mm)]] -> 8,5 x 8 | AG96: _8 x 8 | AH96: =IF(All_PCC_a[[#This Row],[Max Height (mm)]]<=9,"≤ "&ROUNDUP(AD96,0),"≤"&ROUNDUP(AD96,0)) -> ≤ 6 | AI96: -40 | AJ96: 150 | AK96: =All_PCC_a[[#This Row],[Min Temp (deg.C)]]&" to +"&All_PCC_a[[#This Row],[Max Temp (deg.C)]] -> -40 to +150 | AO96: - | AP96: =IFERROR(IF(L1Round>1,ROUND(L1Round,1),L1Round),"-") -> - | AQ96: - | AR96: - | AS96: https://industrial.panasonic.com/ww/products/pt/automotive-inductors/models/ETQP5M150YFK | AT96: https://industrial.panasonic.com/content/data/CC/pictures/lineup-Metal-core.gif | AU96: =_xlfn.IMAGE(All_PCC_a[[#This Row],[Image URL]]) -> #NAME? | BC96: =IF(Z96<('[1]DCDC Ref'!$J$24/'[1]DCDC Ref'!$J$26)*'[1]DCDC Ref'!$J$28/100,0,1) -> 1 | BD96: =IF(BC96=1000000000,"",('All Data'!Q96-'[1]DCDC Ref'!$J$30)/'[1]DCDC Ref'!$J$30*100) -> 2273.6264 | BE96: =ABS(BD96) -> 2273.6264 | BH96: =IF(BG96<0,10000,BG96) -> 0 | BJ96: =IF(BC96=0,"",('All Data'!Z96-'[1]DCDC Ref'!$J$28*('[1]DCDC Ref'!$J$29/100))/'[1]DCDC Ref'!$J$28*('[1]DCDC Ref'!$J$29/100)*100) -> -35.448276 | BK96: =IF(BJ96<0,10000,BJ96) -> 10000 | BQ96: =IFERROR(BE96*$BP$6+BK96*$BP$7,"") -> 11418132 | BR96: =IF(BQ96="","",RANK(BQ96,BQ$11:BQ$9930,1)+COUNTIF(BQ$11:BQ96,BQ96)-1) -> 108 | BS96: =RANK(BR96,BR$11:BR$9930,1) -> 108 | BT96: =IFERROR(INDEX($O$11:$O$1013,MATCH(ROWS($BS$11:BS96),$BS$11:$BS$1005,0)),"") -> ETQP5M6R8GAK | BU96: =IF(BT96<>"",BT96,"") -> ETQP5M6R8GAK
